generated_id,smiles,reward,depth,elapsed_time,is_through_filter,predict_trpv1_receptivity,predict_mor_receptivity,predict_dor_receptivity,predict_kor_receptivity,predict_nociceptin_receptivity
6,O=C(Nc1ccc(CN2CCNC2=O)cc1)C(=O)Nc1ccccc1N1CCCC1,0.12731425762176518,1,11.8,1,6.547907,3.3337502,6.1551275,6.1162124,5.493967
7,NC(=O)[C@@H]1CCCN1S(=O)(=O)c1ccc(C(N)=O)cc1,0.060092246532440274,1,11.8,1,6.1239557,6.3269944,5.6721034,4.5103545,5.5826807
9,c1coc(CCN2C(=O)[C@@H]3CC=CC[C@H]3C2=O)c1,0.018180024623870916,1,11.8,1,5.330995,5.7763762,4.6707726,4.9090347,5.240596
10,COC(=O)c1ccc(O)c(NC(=O)[C@H]2Cc3ccccc3O2)c1,0.016642159223556496,1,11.8,1,5.3608227,3.950054,5.2574997,5.5469847,6.023066
11,O=C(NCc1ccc(OCc2cccnc2)cc1)NC[C@@H]1CCCO1,-0.13051676750183105,1,11.8,1,5.0380793,7.018108,4.750168,5.914078,7.690634
12,N/[NH+]=C(/NCc1ccnc(NC(=O)c2cccc(CN3CCCC3=O)c2)c1)N1CCOCC1,0.027456676959991544,1,11.8,1,6.533927,5.023055,6.8638463,6.5088186,6.641721
14,c1ccc(-c2csc(N(CC(=O)[O-])c3nc4ccccc4s3)n2)cc1,0.2595487117767334,1,11.8,1,6.717068,4.3517447,4.830324,3.2997408,4.0045147
15,CC[C@@](C)(Nc1ccc2oc(=O)c(=O)[nH]c2c1)c1nnc2ccccn12,0.018808150291442893,2,31.6,1,5.6291685,4.838229,4.610216,4.9709997,7.344903
17,COc1ccc(C[NH2+][C@H](C)c2ccc(C)cc2)cc1OC,-0.0074127554893493874,2,31.6,1,5.3643627,4.011114,5.5785985,5.3245726,6.839676
20,CN(C(=O)C1CCN(C(=O)[C@@H]2C[C@@H]2c2cccc(F)c2)CC1)C1CC1,-0.17759599685668948,2,31.6,1,4.8388243,5.082773,6.7356677,6.9791822,7.661514
21,CSC[C@@H](C(=O)Nc1ccc(C)c(Cl)c1)NC(=O)c1ccc(C)cc1,-0.02201911211013796,2,31.6,1,6.014622,6.952406,4.8768954,5.7209444,7.3890076
22,Cn1nnnc1SCC(=O)NC[C@@](C)(O)c1cccc(F)c1,-0.14260849952697746,2,31.6,1,4.1169815,5.1081676,5.835123,4.9787674,6.250208
26,C/C=C(/C)C(=O)NCc1ccc(OCC(F)(F)F)cc1,-0.0444934487342834,2,31.6,1,5.4000535,6.458641,5.0657544,5.735073,6.1204834
27,C#CCNC(=O)[C@@H](C)Cc1ccc(Cl)cc1,-0.1775889039039612,2,31.6,1,4.9580636,7.625112,6.003926,6.156655,7.150118
29,CCc1noc(CCCC[NH2+]CC/C=C/c2ccc(Cl)cc2)n1,-0.02283034324645994,2,31.6,1,4.8829136,6.06866,3.9419847,4.6522226,5.782001
30,Cc1ccc(S(=O)(=O)N2CCc3ccccc3C2)s1,-0.007872116565704301,2,31.6,1,6.197603,4.9359922,5.9740562,6.7671747,7.4280744
31,COc1ccc(N[C@@H](C)C(C)=O)c(C)n1,0.04908089637756352,2,31.6,1,5.077503,4.639708,2.1550632,5.043062,6.5089436
32,C[C@@H]1Cc2cc([C@@H](CNS(=O)(=O)c3cccnc3)c3ccncc3)ccc2N1,-0.3609720706939697,2,31.6,1,2.6489062,5.476232,7.2842293,5.3954024,6.878644
33,C[C@H]1C[C@H]1C(=O)Nc1ccc(F)cc1C(=O)N(C)[C@@H](C)Cc1ccco1,-0.17014212608337398,2,31.6,1,5.044523,6.846331,5.3690686,6.2160854,8.552291
34,CN(C)[C@@H](C(=O)Nc1nnc(-c2ccc([N+](=O)[O-])cc2)o1)c1ccc(F)cc1F,0.017754590511322,2,31.6,1,5.9999943,5.5109863,5.178099,5.3058643,7.2948437
37,C=CCSc1nnc2n(CC/C=C/c3ccccc3)c(=O)c3ccccc3n12,0.11978672742843632,2,31.6,1,6.4498158,5.7398405,4.595473,5.295231,5.3772497
39,C[NH2+]Cc1cc(F)c(C)cc1OCc1cccc(F)c1,0.04347603321075444,2,31.6,1,6.477236,6.0164523,5.024227,5.5888596,7.540363
42,C[C@](O)(NC(=O)CCc1ccccn1)c1cccc(F)c1,-0.14357287883758546,2,31.6,1,4.7936897,5.805039,5.29648,4.90332,8.912835
44,Cc1ccc(-n2nnc(SCC(=O)[O-])c2-c2ccco2)cc1,0.09840078353881831,2,31.6,1,6.0084877,4.7086954,4.264943,5.0050592,6.1192217
46,C[C@@H](Sc1nnc(-c2ccccc2)n1C1CC1)Nc1ccccc1F,-0.08958520889282229,2,31.6,1,5.3461003,5.5063467,5.853632,6.02219,7.585641
48,CN(C)C(=O)Cn1cnc2cccc(Cl)c2c1=O,-0.07363086938858038,2,31.6,1,4.3664436,5.044641,4.335204,4.698393,6.3327713
49,CSCC(=O)Nc1cnc2c(C)c(C)ccc2n1,0.1274958729743958,2,31.6,1,6.4975157,4.7908945,2.9826336,5.811569,7.3051305
52,C[NH+](C)CCNS(=O)(=O)c1ccc2c(c1)C(C)(C)C(=O)N2Cc1cccs1,-0.143614649772644,2,31.6,1,4.786491,4.873214,5.4253616,5.9805746,8.6114
55,C#CCOc1ccc2ccccc2c1CNC(=O)NNC(=O)C(C)C,-0.09150949716567991,2,31.6,1,5.472468,7.1431518,4.4590974,6.7258987,7.2221036
58,c1csc(-c2cccnc2[S-])n1,0.017315393686294533,2,32.5,1,5.1813684,4.925831,3.456352,4.168461,7.482214
60,N#C/C(=C\c1cc2ccccc2o1)C(=O)c1cccs1,0.04195687770843515,2,52.7,1,6.168199,6.367123,4.408756,5.606578,6.6120644
61,NC(=O)[C@H]1CCCN(C(=O)c2sc(NC(=O)c3cccc(F)c3)nc2)C1,0.041340649127960205,2,52.7,1,6.327426,5.3041363,6.2731676,5.5597243,6.5190496
63,NS(=O)(=O)c1ccc(NC[C@@H]2CCCN(Cc3cnn(Cc4ccccc4)c3)C2)cc1,-0.023798143863677956,2,52.7,1,5.0779,5.7179146,4.894375,5.3529243,5.2983117
64,NN(Cc1cccc(F)c1)[C@@H]1CCCC[C@@H]1CO,-0.11927276849746704,2,52.7,1,4.4009743,6.2415524,4.7243814,4.757962,6.650912
65,N/C(=[NH+]/NC(=O)CSc1ccccc1)c1cccs1,0.002899098396301314,2,52.7,1,6.0436444,7.022438,4.982837,5.1931257,6.860213
67,Nn1c(SCc2ccc(Cl)cc2)nnc1-c1ccco1,0.05588834285736077,2,52.7,1,5.9794297,5.098865,4.8538074,5.023699,6.705814
68,N[C@@H](c1ccc(OC(F)(F)F)cc1)C1CCCC1,0.027246940135955744,2,52.7,1,5.4536448,5.397211,4.570481,5.4703774,5.286632
69,N[C@H](c1ccc(OC2CCC2)c(Cl)c1)c1cnn(C)c1,-0.09062769412994376,2,52.7,1,4.8500395,5.379072,5.3073807,6.274354,6.064459
70,N#C[C@H]1CCCC[C@@H]1CCc1ccccn1,0.02382662296295157,2,52.7,1,5.441453,4.524151,4.3480177,4.7462425,7.194336
71,NCc1cc(F)ccc1NC[C@H]1CN2CCC[C@@H]2CO1,-0.07387200593948362,2,52.7,1,5.619348,5.5156193,5.282763,6.985024,7.648866
72,Nc1ccc(F)c(C(F)(F)F)c1F,0.06470054388046265,2,52.7,1,5.668726,5.7005053,3.0318646,5.265196,6.0893164
74,NNC(=O)c1cccc2sccc12,-0.15492154359817512,2,52.7,1,4.4201674,6.068337,5.739771,4.395888,7.673536
76,N=C1/CCc2ccc(Cl)cc2N1CCCOc1ccccc1,0.0720679640769959,2,52.7,1,6.352836,5.594384,4.5410213,6.093095,6.3001256
77,Nn1c(COC(C)C)nc2cc(S(=O)(=O)N3CCCC3)ccc21,0.13214734792709348,2,52.7,1,7.288511,5.386149,6.0883904,6.4453273,5.9482827
78,N[C@@H](c1nccn1Cc1cccc(F)c1)c1nnc2n1CCC2,-0.04287190437316901,2,52.7,1,4.8359766,6.266791,5.1909847,4.989532,4.611475
79,N[C@H](c1ccc(F)c(F)c1F)c1ccccn1,0.11837732791900635,2,52.7,1,6.0860987,5.4359493,2.081705,6.151,5.940647
80,N#Cc1ccc(N(Cc2ccc(F)cc2)C(N)=O)nc1,-0.09678519964218146,2,52.7,1,4.6360483,5.183011,4.7729917,5.468985,6.9906135
81,NC(=O)c1ccc(NS(=O)(=O)c2csc(C(=O)Nc3cccc4ccccc34)c2)cc1,0.015996897220611594,2,52.7,1,5.7450047,6.0843077,5.9699774,4.767033,5.5188246
82,Nc1ccc2c(Br)ccnc2c1,0.0860755443572998,2,52.7,1,5.845567,4.4340267,5.4541965,4.623436,5.427588
83,NS(=O)(=O)c1ccc(/C=N/NC(=O)CCC(=O)N2CCOCC2)cc1,0.09124531745910641,2,52.7,1,5.8975697,4.3199873,6.554476,4.071677,4.9943256
84,NNC(=O)c1cccc(F)c1,-0.09850322008132939,2,52.7,1,5.0360126,5.489607,5.957485,3.8551393,8.781948
87,Nn1c(SCCOc2ccc(Cl)cc2Cl)nnc1-c1ccno1,0.06432633399963372,2,52.7,1,5.777205,4.658718,4.290874,5.066457,6.5197177
88,N[C@@H](c1ccc(-c2ccccc2F)o1)c1ccc(F)cn1,0.1028400421142579,2,52.7,1,6.2122917,4.8471403,2.392004,6.991473,6.5049477
89,N[C@H](c1ccoc1)C(F)(F)F,0.3349947810173035,2,52.7,1,7.7477827,2.9711628,2.9655209,6.0336194,5.6210365
90,O=C(Nc1ccnn1C1CCCCC1)[C@@H]1CCCN1C(=O)c1ccco1,0.09869253635406494,2,57.0,1,7.3286033,6.3276515,5.8787646,6.9958086,6.164487
98,O=C1NC(=O)c2cc(C(=O)NC3CCCC3)ccc2N1,0.15490036010742186,2,57.0,1,5.903969,3.2783585,4.9218206,3.2737246,5.945957
99,OCC1(CSc2nncn2CCc2ccccc2)CCCC1,0.030191373825073198,2,57.0,1,5.767525,5.9793763,4.9044647,4.9659038,6.012701
101,O[C@@H](C/N=C/c1ccco1)[C@H](O)c1ccc(Cl)cc1,0.0506481170654296,2,57.0,1,6.2055154,5.255941,4.8838186,6.323232,6.333145
102,c1ccc(C[NH+](Cc2ccc(F)cc2)Cc2ccccc2Cl)s1,0.01317617893219003,3,58.1,1,6.776948,7.3234987,3.6853485,7.740799,7.8310986
105,c1cc2ncc(C[NH2+]Cc3ccncc3)cc2[nH]1,-0.06758500337600715,4,63.1,1,4.5460143,4.9993076,5.785786,4.1803913,5.9219723
106,c1cn(-c2ccccc2)nc1-c1ccsc1,0.12624989748001103,4,63.1,1,5.6872344,4.739066,3.2049942,4.2157087,5.5391726
107,c1csc(-c2ccc(SC[C@@H]3CCCOC3)nn2)n1,0.0899177193641662,4,63.1,1,5.731768,4.3927307,4.195079,5.624268,5.118286
112,c1csc(CNc2cccc(F)c2F)c1,0.03839576244354248,4,63.1,1,5.60168,4.5775986,2.3200197,7.074923,6.8983474
115,c1ccc(CC[NH+]2CCC(NCc3ccccn3)CC2)cc1,-0.051433670520782515,4,63.1,1,5.016613,5.857278,4.731971,5.2314987,6.3030515
116,c1cncc(-n2c(SCc3nc4ccccc4c(=O)n3Cc3ccccc3)cnc2-n2cccc2)n1,-0.08578457832336428,4,63.1,1,4.773144,5.4646745,5.582342,5.3127913,6.16415
120,O[C@@H](c1ccc(F)c(C(F)(F)F)c1)c1ccc(-n2cnnn2)cc1,0.0032207369804382324,3,63.9,1,5.0476856,5.662707,4.4946055,4.82054,5.0840607
123,OCCC[S@](=O)CCc1ccc(Br)cc1,0.14244781732559209,3,73.1,1,7.351854,5.4324784,5.3780575,6.5217514,6.3772154
124,OC[C@@H](OCc1cc(F)ccc1Br)c1ccccn1,0.030399286746978782,3,73.1,1,5.963502,5.2092037,4.5089703,6.5706916,6.3491707
125,OCc1cccc2scc(-c3ccc(F)cc3)c12,0.10146619081497188,3,73.1,1,7.0328484,4.847892,5.474128,6.461896,7.2888303
127,OC[C@H]([C@H]1C[C@@H](O)[C@H](O)C1)c1ccccc1,0.06808014512062077,3,73.1,1,5.349596,5.79811,5.663012,3.6239202,3.590136
133,OCc1ccccn1,-0.13381634950637816,3,73.1,1,2.846982,3.2797256,4.91853,5.051558,3.4907684
134,OC1(CSc2nnc(C3CC3)n2Cc2ccco2)CCCCC1,-0.014178538322448642,3,73.1,1,5.9343867,6.3066454,5.6996374,5.46696,6.8314457
138,OC[C@@]1(N)CCc2ccccc21,0.0777698636054992,3,73.1,1,5.1308393,3.8272166,4.7426014,4.6352544,4.2074904
139,OCCc1noc(C[C@@H]2COc3ccccc32)n1,-0.1139611005783081,3,73.1,1,4.845449,5.473532,6.26887,5.4206557,6.777182
140,OC[C@@H]1O[C@@H]1c1cc(F)c(F)c(F)c1,0.17882121801376338,3,73.1,1,7.560569,5.199891,5.096302,5.266375,7.5268583
147,c1csc(-c2ccnc(CSc3nccn3CCCO)c2)c1,-0.11037783622741693,5,74.1,1,4.1721525,5.04568,4.7132487,5.8108826,5.533912
150,c1cncc(-c2ccnc(N3CCN(c4ccccc4)CC3)n2)c1,-0.09101296663284303,5,76.0,1,4.4437103,4.6292005,6.5830355,4.4425745,5.7605495
154,c1cn(CN2CCN(C(=O)Cc3n[nH]c(-c4ccco4)n3)CC2)cn1,-0.2105064630508423,5,76.0,1,3.7199914,5.7095776,6.235144,5.3100166,6.045486
160,c1cc(C=O)cc(Br)c1OCc1cn(Cc2ccccc2)nc1C1CC1,0.06259140968322752,5,78.8,1,5.988172,4.92908,5.290327,5.6376595,5.591965
164,c1cc2c(cc1C[NH2+]Cc1ccc3c(c1)CCC3)NC(=O)CO2,0.015180706977844127,5,78.8,1,5.8744035,6.37892,5.2686315,5.0684943,6.17434
165,c1ccc(COc2ccccc2CNc2ccc[nH+]c2N2CCOCC2)cc1,0.10932205915451043,5,78.8,1,6.834037,5.454807,5.439108,4.645996,7.423354
168,O=C(NCCN1CCN(c2ccccc2F)CC1)c1cccc(-n2cccc2)c1,-0.06448630094528207,3,84.6,1,4.9779415,5.146903,5.778138,4.4362164,7.1299605
169,O=S(=O)([O-])C1CCN(c2nc3ccccc3o2)CC1,0.014487600326538064,3,84.6,1,6.0340986,6.0257506,6.2495522,5.6568036,5.624784
170,O=c1nc(N2CCC[C@H](c3nc(-c4ccc(F)cc4)cs3)C2)n2ccccc2n1,0.09053155183792116,3,84.6,1,5.9168987,4.713539,4.5945454,5.028316,5.7099323
172,O=S1(=O)N=C([C@H](c2ccccc2)n2nnnc2N)c2ccccc21,0.1412589073181152,3,84.6,1,6.516449,5.608279,4.8047457,4.4414706,5.560944
173,O=c1[nH]c2cccnc2n1-c1cccc(C(F)(F)F)c1,0.2676095247268677,3,84.6,1,7.7745953,4.227642,4.9248466,4.7895355,6.451976
174,O=C(NCCNC(=O)c1ccco1)[C@@H]1CCc2ccccc2O1,-0.11126294136047366,3,84.6,1,4.9522305,6.0849257,5.2642317,5.884207,7.0260754
177,c1csc(-c2ccccc2)n1,0.07393641471862794,6,87.6,1,5.391927,4.8917723,2.4110575,5.4377813,5.8696394
178,c1cscc1CN1CCC[C@H]1c1ccc(C2CC2)cc1,-0.11812225580215446,6,87.6,1,4.926818,5.9885798,5.6681232,6.8527603,5.9226985
180,c1cscc1-c1nnc(NC[C@H](O)c2cccc3ccccc23)s1,0.16323959827423096,6,87.6,1,6.879611,4.9961243,5.081852,4.77489,6.135994
183,c1cncc(CCNCc2cc(Br)ccc2F)c1,0.09407016038894656,6,90.4,1,6.140604,5.244374,4.1728897,4.9112453,6.471101
186,c1cncc(-c2nc3cc(NCc4cccnc4)cnn3c2)c1,-0.19770889282226556,6,90.4,1,2.9682536,4.021915,4.714676,4.1755495,6.86923
190,c1cnc(CSc2nnc(-c3ccc4[nH]cnc4c3)n2C2CC2)nc1,-0.052676856517791804,6,90.4,1,4.8103123,5.39161,5.238626,5.5247164,5.193371
193,O[C@@H](c1cc(F)cc(F)c1)C(=O)[O-],-0.10426762104034426,4,94.7,1,5.052882,4.252125,6.0490503,5.150898,8.9301605
195,O[C@@H](COc1ccc(Br)cc1C(F)(F)F)C(F)(F)F,0.2423336803913116,4,94.7,1,7.058408,4.0111876,4.4666004,3.745589,6.316907
196,O[C@@H](c1ccc(Cl)s1)c1cccnc1Cl,-0.03693788051605229,4,94.7,1,5.853978,5.225672,4.69092,6.3934946,8.583342
197,O[C@@H]([C@H]1CCO[C@@H]1CO)c1ccccc1,-0.056791317462921154,4,94.7,1,4.953788,5.0082407,5.692025,5.120944,6.265594
199,O[C@@H](c1cc(F)ccc1F)c1ccc(F)cn1,0.049711030721664495,4,94.7,1,6.1788034,5.2776165,3.888677,6.0357447,7.5247345
201,c1ccc(-c2nc(CN3CCOCC34CCC4)cs2)cc1,0.09529881477355961,6,98.8,1,6.9699063,6.181078,5.033018,6.4189825,6.434594
203,c1ccc(-c2cnc3[nH]ncc3c2)cc1NCc1cccnc1,-0.1688188433647156,6,98.8,1,3.759733,5.041028,5.620322,5.0670443,6.063291
205,c1ccc(N2CC[C@H](CN3CCOCC3)C[C@H]2C2CC2)cc1,0.12274637222290041,6,98.8,1,7.350396,5.8601804,5.5552425,6.723439,6.3528676
206,c1ccc2c(COc3ccccc3)cc(=O)[nH]c2c1,0.004589724540710494,6,98.8,1,6.1799145,4.3859563,5.387427,7.1895,7.573186
207,O[C@@H](Cc1ccsc1)c1ccoc1,-0.01922839879989624,5,114.8,1,5.1160426,5.9721103,5.480009,4.7189264,5.0622606
209,O[C@@H](CN1CCOCC1)c1ccc(-c2ccccc2)cc1,0.17804086208343506,5,114.8,1,5.7128725,4.1152363,3.962656,3.8073158,3.8446474
210,O[C@@H](COc1cccc(F)c1)COc1cccc(Cl)c1,0.03035117387771602,5,114.8,1,6.558168,5.3977795,6.463206,5.7029595,7.45468
211,O[C@@H](CC[C@H]1CCCO1)c1ccc(Cl)c(Cl)c1,0.03384168148040767,5,114.8,1,6.9647555,6.3427334,5.7064714,6.4106016,8.045548
215,O[C@@H](CSc1ccc(C(F)(F)F)cn1)c1ccccc1,0.059902644157409646,5,114.8,1,5.657662,5.022542,4.4254804,4.4685736,6.317946
218,O[C@@H](C/C=C/c1ccccc1)Cc1nc(-c2cccc(F)c2)no1,0.03993602991104128,5,114.8,1,5.4632807,4.8261657,4.4530716,5.8067036,5.1697407
224,O[C@@H](COCCc1ccncc1)c1cccc(-n2ccnc2)c1,-0.06663193702697745,5,114.8,1,4.431658,4.8998947,6.5474367,4.2832527,4.6613245
231,O[C@@H](Cn1cccn1)Cc1ccc(-c2ccccc2)o1,-0.028979682922363303,5,114.8,1,4.7260523,4.223608,4.392087,5.794965,5.6527367
232,O[C@@H](C/C=C/c1ccccc1)c1ccccn1,0.00446076393127437,5,114.8,1,5.1719584,6.290984,4.3903065,5.8245716,4.003541
238,O[C@@H](COc1ccc(Cl)cc1)Cc1cnc(Cl)s1,0.08415846824646,5,114.8,1,7.0147924,4.4347878,5.5527773,6.6877403,8.017526
239,O[C@@H](CCc1cccc(F)c1)c1ccoc1C#CCO,0.043862783908844016,5,114.8,1,6.8566647,6.226918,5.4514375,6.8820553,7.1117363
243,O[C@@H](CSc1nnc(Cc2ccncc2)n1-c1ccccc1)c1ccccn1,0.036177527904510565,5,114.8,1,4.7314806,5.0722666,3.6011357,4.14431,4.661109
244,O[C@@H](C1CCOc2ccccc21)C1CCN(c2ccc(Br)cc2)CC1,0.03735220432281494,5,114.8,1,5.6136827,4.946971,5.039796,5.332412,5.641464
245,O[C@@H](Cn1cnc2ccccc21)c1cc(F)c([N+](=O)[O-])cc1C(=O)[O-],0.14523154497146606,5,114.8,1,6.881304,4.5246387,5.407669,4.5028734,7.280772
246,O[C@@H](C/C=C/c1ccccc1)c1ccco1,-0.031809520721435613,5,114.8,1,5.333974,7.3662825,4.74941,6.251206,4.241378
247,O[C@@H](C(=O)[O-])[C@@H](Cc1c[nH]c2ccccc12)N1C(=O)c2ccccc2C1=O,-0.07523314952850346,5,114.8,1,5.4191456,6.944119,6.121596,4.975026,6.6451674
249,N=C1SC[C@H](NCc2ccc(-n3cccn3)cc2)CN1,-0.1673964381217956,3,118.2,1,3.7055326,4.713893,6.147889,4.520093,6.1361127
250,N=c1c2ccccc2ncn1/N=C/c1ccc(Cl)cc1Cl,-0.014232313632965066,3,118.2,1,5.587424,5.0200586,5.296714,5.6002564,7.001959
252,N=c1c2c(=O)n(CCCOC(C)C)ccc2oc1=O,0.09312353134155271,3,118.2,1,6.7169704,5.807778,4.559597,6.623021,6.1525445
254,N=c1n(Cc2ccccc2)cc(-c2cccc(F)c2)cc1[N+](=O)[O-],-0.07328890562057488,3,118.2,1,5.2915826,5.621278,5.287855,6.32931,6.8594437
256,c1csc(-c2n[nH]cc2CNCc2ccccc2F)c1,-0.03335756063461304,7,129.6,1,5.889923,6.546821,4.071993,5.9061165,8.369064
257,c1csc(N2CC[C@@H](N[C@H](c3ccco3)C3CCC3)C2)n1,-0.07141238451004017,7,129.6,1,5.4970684,6.0676465,5.897288,6.1652446,6.71459
260,c1csc(SCCN2CCOCC2)c1,0.16596149206161503,7,129.6,1,6.0540943,4.2019005,3.3816552,4.604268,5.390094
261,c1csc(Oc2cc3c(cc2S(=O)(=O)/N=C(\[O-])Nc2cccc(Cl)c2)CCO3)n1,0.06993913650512695,7,129.6,1,5.782428,3.670417,3.9429882,5.640304,7.0784364
262,c1csc([C@@]2(Cc3cccc(F)c3)NC(=O)N(Cc3cccc(C(F)(F)F)c3)C2)n1,0.12693365812301627,7,129.6,1,6.550793,5.261202,5.0249767,5.8841906,4.955457
263,c1csc(/C=C/c2ccccc2)c1,-0.1242127060890198,7,129.6,1,4.1837277,5.8290195,4.5661416,7.283068,4.02519
267,c1csc(-c2nnc(-c3cccs3)o2)c1,0.27101035118103034,7,129.6,1,7.7186017,5.0352397,3.2834172,4.16662,7.548716
268,c1csc(N2CCn3c(nnc3-c3ccccc3)C2)n1,-0.0038389325141906516,7,129.6,1,5.394591,5.2002854,5.3192816,5.045667,6.1666865
274,c1csc(/C(C#N)=C\c2c(Cl)cc3ccccc3n2)n1,0.09511947035789481,7,129.6,1,6.1658916,4.835294,3.9882147,5.3499546,6.6853247
276,c1csc(Br)c1,0.1721425414085388,7,129.6,1,7.256039,2.62672,5.236886,7.2968736,6.9779754
280,c1csc([C@@H]2CN(Cc3ccc[nH]3)CCO2)n1,0.02523429393768306,7,129.6,1,4.892858,5.422859,3.1772876,5.601314,4.3605995
290,C=C1CCCN(C(=O)c2n[nH]c3c2CCC3)C1,-0.004824656248092585,3,130.5,1,4.9557843,4.520672,4.7679586,3.9374397,6.7900534
292,C[NH2+]CC/C=C/c1ccc(C)c(F)c1,0.04597004055976861,3,134.1,1,5.332142,6.208407,3.9233787,4.8218017,4.5361786
295,C[NH2+][C@H](C)c1ccc(OC)c(Cl)c1,-0.11771804094314581,3,134.1,1,4.5343,3.070033,5.1024203,5.6255417,9.047926
296,C[NH2+]C[C@H](C)C(=O)Nc1ccc(F)c(Cl)c1,0.10582480430603025,3,134.1,1,6.814813,6.545349,3.201436,6.091625,7.18785
301,C[NH2+][C@@H](C)c1cc(OC)ccc1OC(C)C,-0.07935721874237062,3,134.1,1,4.9961023,6.2680387,4.5066357,5.618199,6.765825
304,N/N=c1\[nH]c2ccc(Cl)cc2c[n+]1-c1ccc(Br)cc1,0.2141339302062989,3,138.3,1,6.8370514,4.602828,5.1183558,4.939614,4.122051
307,N/C(=N/OCc1nncn1C1CC1)Nc1ccc(CN2CCCC2=O)cc1,0.01228488683700557,3,138.3,1,6.1304636,6.3627305,6.843618,5.2191954,5.604915
310,N/c1cc(NC(=O)/C=C/c2ccccc2)nc([O-])n1,-0.03594391345977782,3,138.3,1,4.087164,3.6254709,3.632603,6.0131955,4.515143
312,N/N=C1\C(=O)Nc2ccccc21,0.06627186536788932,3,138.3,1,5.5302544,3.4288802,4.8768635,4.8779783,6.286421
315,Nc1ccc(CC(=O)Nc2cccc3nsnc23)cc1,0.11192967891693112,3,140.5,1,5.9146996,5.05118,3.364646,6.033233,4.732552
316,Nc1nccnc1C(=O)Nc1ccccn1,-0.15278002023696902,3,140.5,1,2.911047,3.9921908,3.4827757,3.6834707,6.5969515
322,C/C(=N/NC(=O)Nc1ccc([N+](=O)[O-])cc1)c1ccc2c(c1)OCCO2,0.15447809696197512,3,146.0,1,6.6334977,3.6598544,3.8105435,5.0129595,7.8715096
323,C/[NH+]=C(/NCCNC(=O)c1cccc(C)c1)N[C@H]1CCCc2ccccc21,-0.06392765045166016,3,146.0,1,6.135586,6.2171617,6.1009064,6.9073296,7.8740516
326,C/C=C/c1cc([N+](=O)[O-])ccc1OC(=O)c1ccccc1C,-0.009524714946746782,3,146.0,1,5.3077583,6.081708,4.0307107,3.8227391,7.676864
327,C/[NH+]=C(/NCc1ccc(OC)nc1)Nc1ccc(C)c(C(N)=O)c1,-0.009980773925781228,3,146.0,1,5.6312356,6.1411734,4.3727646,5.0414095,7.368826
328,C/N=C1\NC(=O)[C@H](CC(=O)Nc2ccc(C)cc2)S1,-0.12435257434844976,3,146.0,1,4.3709784,5.7182846,4.958008,4.4249516,7.3567724
331,NS(=O)(=O)c1ccc(C(=O)NCc2ccc(F)cc2)cc1,0.02547608613967889,3,147.8,1,5.9831758,6.2927365,5.2104187,5.294383,6.1161213
332,NS(=O)(=O)c1ccc(NC(=O)CCNC(=O)c2ccccc2)cc1,-0.24133709669113151,3,147.8,1,2.8819184,5.9633465,5.3023133,4.813525,5.1019726
343,N[C@H](c1cccc(C(=O)c2ccc(Cl)cc2)c1)C(F)(F)F,0.1556928098201752,3,149.9,1,6.322204,4.248041,3.500087,5.2316456,6.0813303
344,N[C@H](C#N)c1ccc(C(C)(C)C)cc1,0.13542829751968388,3,149.9,1,6.1202455,2.5035892,4.1841755,6.079275,6.29681
346,Nn1c([S-])nc2ccccc2c1=O,0.1568972408771515,3,151.7,1,6.71949,4.9962745,3.5445106,5.235475,6.8258104
347,Nn1c(=O)c2ccccc2n(Cc2ccccc2F)c1=S,0.12599132061004636,3,151.7,1,6.5361376,4.482767,3.2193713,5.6369724,7.7657866
348,O=c1n(CN2CCCC2)cc(-c2ccccc2)n1-c1ccccc1,0.029804301261901922,4,153.7,1,5.870285,5.396111,5.2519436,5.1801476,6.460766
350,O=c1c2cc(NCc3ccoc3)c([O-])nc2ncn1Cc1ccsc1,-0.16951311826705928,4,153.7,1,4.3083143,5.2806664,5.336756,5.6883965,7.707963
351,N[C@@H](c1ccc(Cl)cc1F)[C@@H]1COc2ccccc2C1,0.016707789897918768,3,156.2,1,5.9459677,5.580748,4.8214273,5.994151,6.7192326
353,N[C@@H](CNc1ccc(F)cc1F)c1ccc(Cl)s1,-0.04046347737312317,3,156.2,1,4.993862,5.4347363,3.8535068,5.8108506,6.494894
355,Cn1c(N)c(N(C[C@H]2CCCO2)C(=O)c2cccs2)c(=O)oc1=O,0.0017628133296966886,3,158.5,1,4.593012,4.3025923,4.2525806,3.6020386,6.1443233
356,Cn1cc(C(=O)N2CCC[C@@H](c3nc4ccccc4[nH]3)C2)cc(Cl)c1=O,0.039609980583190985,3,158.5,1,6.355745,5.7522116,5.304042,6.0828495,6.699477
358,c1cc(N2CCC[C@H]2C#N)ncc1I,0.052607917785644664,6,176.1,1,6.510692,5.310375,5.697976,7.0274024,5.902698
362,c1cc([C@H]2C[C@H]2c2ccccc2)ncn1,0.019374686479568415,6,176.1,1,5.067522,4.2526155,3.714165,4.4303656,7.0979548
363,c1cc(S(=O)(=O)Nc2ccccc2C(=O)N2CCOCC2)ccc1Br,0.19933565855026236,6,176.1,1,7.095923,3.514995,5.537903,5.787609,5.5697584
367,c1cc(F)cc(COc2ccccc2Br)c1,0.05769293308258061,6,176.1,1,6.363788,4.535038,6.0040035,4.8029795,7.805414
368,c1cc(OC[C@H]2CCCCO2)c[nH]c1=O,-0.1266414642333984,6,176.1,1,4.42966,6.0620737,5.1905127,5.057582,6.4741297
369,c1cc(CSC[C@@H]2CCCO2)c(F)cc1Br,0.046037387847900346,6,176.1,1,6.8407426,7.4607673,4.9030986,6.1808395,6.9767694
370,c1cc(N2CCCC23CCCC3)ccc1Br,-0.18763039112091057,6,176.1,1,4.674141,6.4352627,6.4762278,6.3512363,6.9390526
374,c1cc([C@H]2CCCN2c2nccc(OCc3ccncc3)n2)ccn1,-0.0905311107635498,6,176.1,1,4.1141796,4.5408316,4.8307033,4.7166486,5.9897795
376,c1cc(/C=N/N2CCCC[C@H]2CSc2nnnn2C2CC2)ccc1O,-0.13104836940765385,6,176.1,1,4.5880327,5.9679403,6.486717,5.834503,5.304905
377,c1cc(Cl)ccc1C[S@@](=O)c1ccc2ccccc2c1,0.05672557353973384,6,176.1,1,6.047767,4.739359,5.431476,5.184117,6.567094
378,c1cc([N+](=O)[O-])ccc1N[C@@H]1CCS(=O)(=O)C1,0.052542042732238725,6,176.1,1,6.5491962,3.0479732,6.0084863,6.3361893,8.702455
380,c1cc(O[C@H]2CCS(=O)(=O)C2)ncn1,-0.13987523317337036,6,176.1,1,3.484037,2.0485215,4.8077927,5.5822916,7.092551
381,c1cc(C[C@H]2CCC[C@@H]2Nc2cccc(Br)n2)ccc1F,-0.026649641990661666,6,176.1,1,5.9577026,5.3112545,6.5224605,5.2780676,7.7850137
382,c1cc(N2CCC[C@H]2c2nc3ccccc3c(=O)[nH]2)ccc1O,-0.14889290332794186,6,176.1,1,4.4161005,5.7111998,6.0670133,5.902246,5.939659
383,c1cc(-n2ccnc2)ncc1Cl,-0.03816111683845519,6,176.1,1,4.234589,3.8719876,5.559768,3.042686,5.9903593
388,c1cc(/C=N\NC(=O)/C=C/c2ccc(S(=O)(=O)N3CCOCC3)c(Cl)c2)ccc1Cl,0.15475314855575562,6,176.1,1,6.701576,5.214262,5.1949987,5.042176,5.1647425
390,c1cc([N+](=O)[O-])ccc1CSc1nnc(-c2ccccc2)n1C1CC1,0.00737341642379763,6,176.1,1,6.0314617,5.296777,5.3772707,5.3504353,7.8064275
391,c1cc(F)cc(CNCc2ccncc2)c1,0.10963791012763974,6,176.1,1,5.716638,5.7850637,3.6887186,4.5522423,4.4550114
393,O=S(=O)(c1cccc(Cl)c1)N1CC[C@@H](Cc2ccccc2)C1,0.04137965440750113,4,178.2,1,6.7078967,5.6885405,5.995187,6.701491,6.7911825
396,O=S(=O)(N[C@H](Cc1ccccc1)C1CC1)c1ccc(=O)[nH]c1,-0.06484707593917838,4,178.2,1,5.1678376,4.6609907,6.111974,5.2332106,7.2590585
404,NC(=O)C1([NH2+]CC(=O)Nc2ccccc2C(F)(F)F)CCCC1,0.15245037078857415,3,181.0,1,7.1889534,5.559589,5.07657,5.951713,6.0699267
406,NC(=O)N1CCN(Cc2ccc3c(c2)OCO3)CC1,-0.104389488697052,3,181.0,1,4.8032784,4.8164277,6.535983,6.342225,5.6940575
407,NC1=NC(=O)CN(S(=O)(=O)Cc2ccccc2)C1,0.03518656492233285,3,181.0,1,5.695956,4.6809816,4.6668053,5.9360895,6.092486
408,C[C@]1(c2ccc3c(c2)OCO3)OCCN(Cc2nccs2)C1,-0.10437476634979248,3,183.2,1,4.8001313,6.6991096,5.0372095,6.094863,5.544334
410,C[C@]12CCC(=O)N1[C@@H](C(=O)NCC(=O)N1CCCC1)CS2,0.08704590797424316,3,183.2,1,6.421684,4.947611,4.5223503,5.1449323,7.5900054
412,OC[C@@]1(Cc2ccc(Br)c(Cl)c2)CCc2cccnc21,0.0315133571624755,4,184.5,1,6.011562,5.4514775,5.537076,5.39318,6.40398
415,C[NH+](C)CCc1ccc(Br)c2ccccc12,-0.013896214962005549,3,186.9,1,5.315577,5.401169,5.061251,4.485203,6.870534
416,C[NH+](C)C1CCN(C(=O)NCCCOC2CCCC2)CC1,-0.039715802669525124,3,186.9,1,5.9326086,6.6463075,5.7493296,5.9099803,7.013449
417,OC[C@H]1CN(Cc2cc(Br)ccc2F)CCO1,0.04383448958396907,4,188.7,1,6.20947,5.8984513,3.662772,5.9707804,7.552496
419,OC[C@H]1CCCN1c1ccnc(COc2cccc(Cl)c2F)n1,-0.041244351863861106,4,188.7,1,5.2735147,6.6655684,4.928858,5.3485904,5.8008165
421,N#CCOc1ccc(C)cc1NC(=O)COc1ccccc1I,0.01911373138427741,3,190.5,1,5.3163676,3.893191,3.8681633,5.8855395,6.8540273
422,N#CCCCCSc1nnc(-c2cccnc2)o1,-0.03881143331527709,3,190.5,1,4.245593,5.3519907,3.0215354,3.8120866,6.349217
423,O=C(CN1CCN(c2ccccc2)CC1)Nc1ccccn1,0.05969302654266362,4,193.4,1,5.234115,3.5753942,5.8260264,4.0503078,5.097011
427,O=C([O-])c1cccc(-n2c(-c3ccc(F)cc3F)nc3sc4c(c3c2=O)CCCC4)c1,0.03796091079711905,4,193.4,1,5.53456,3.9636946,5.0364733,4.8848634,6.734773
428,O=C1C[C@H](C(=O)Nc2cccc(Cl)c2)c2c([nH]c3ncccc23)N1,-0.06239804029464724,4,193.4,1,5.3358116,5.4422383,5.1463623,6.954183,6.2963843
429,NNC(=O)c1cccc(CCNC(=O)N2CCC[C@@H]2c2ccccc2)c1,-0.2392217993736267,3,210.2,1,4.434264,7.389717,6.366994,6.5394955,7.009722
430,NNc1ccc([N+](=O)[O-])c(N2CCC[C@H]2c2ccccc2)c1,-0.09210445880889906,3,210.2,1,5.431084,5.850763,5.399665,7.291811,6.8662763
432,NN(Cc1ccccc1)c1ccc(F)cc1,0.05409243106842032,3,210.2,1,6.326132,5.615857,4.4875097,6.1213903,6.916073
434,NN[C@H](C(=O)Nc1ccc(F)c(F)c1)c1ccc(Br)cc1,0.19216458797454838,3,210.2,1,6.7545166,4.4337745,4.350634,6.0417824,4.505292
436,NN/C(=N\S(=O)(=O)c1ccccc1)Nc1ccn(Cc2ccccn2)n1,-0.09599684476852421,3,210.2,1,4.0432367,4.085004,4.550373,4.655401,6.7220426
438,NNC(=O)c1cc(NCc2ccccc2Cl)ncn1,-0.10463925600051882,3,210.2,1,4.7764874,5.3312054,4.7803354,5.6630354,7.5169435
439,NNc1ccc(C(F)(F)F)cn1,-0.04832700490951536,3,210.2,1,4.6285257,4.867789,5.006775,5.103002,5.4696174
441,NN(c1cc(Cl)ccc1Br)[C@@H]1CCOC1,0.08080633878707888,3,210.2,1,6.720983,5.7239294,5.5503497,7.698561,4.6788383
442,NN[C@@H]1C(=O)N(Cc2ccc3ccccc3c2)C(=O)N1CN1Cc2ccccc2C1,-0.07039735317230228,3,210.2,1,4.2730637,5.3370814,5.451288,3.4132361,5.706543
443,NN[C@H]1C(=O)C(=O)c2ccccc21,-0.24583978652954108,3,210.2,1,3.8650188,5.581413,5.48983,7.6423197,6.5801044
444,NNS(=O)(=O)c1ccc(C(=O)Oc2cc(Cl)ccc2Cl)cc1,-0.11586236953735352,3,210.2,1,4.6573377,5.2908916,6.024158,4.816239,7.132557
448,NNc1nc(S[C@@H](c2ccccc2)c2cccc(C#N)c2)ncc1F,-0.055764079093933105,3,210.2,1,5.0934725,5.378392,5.4104853,5.76062,6.0549555
449,NN1C(=O)c2ccc(C(F)(F)F)cc2[C@H]1O,0.033919906616210915,3,210.2,1,5.492898,4.486696,4.017812,5.987686,6.122602
450,NN(c1ccccc1)c1ncnc2sc3c(c12)CCC3,-0.10950075387954711,3,210.2,1,4.971581,5.76504,5.412717,6.1901736,6.8984237
452,NN[C@H]1C(=O)Nc2cc(F)ccc21,0.09572088718414307,3,210.2,1,6.6268444,4.541333,4.9135647,6.1857443,7.0379
453,NNS(=O)(=O)c1cccc(C(=O)N2CCC(C(=O)N3CCCC3)CC2)c1,-0.3216481685638427,3,210.2,1,3.0894485,5.262829,7.075992,5.9182725,6.966627
454,NN/C(=C\c1cc(Cl)cs1)Cc1ccc(Cl)cc1,0.12731651067733762,3,210.2,1,6.8902144,5.9889936,6.052252,4.633829,5.793123
456,C[C@H](NCCNc1ccccc1[N+](=O)[O-])[C@](C)(O)c1ccco1,-0.07822268009185784,3,212.6,1,5.1469164,5.949849,4.7038393,4.224821,8.838063
457,C[C@H](Oc1ccc(C(=O)N2CCCC2)cc1)C(=O)NCCc1ccco1,-0.048492145538330034,3,212.6,1,5.4596925,4.5748935,6.728797,6.2502375,6.224528
460,OC1=[NH+]CCCN1c1cccc(Cl)c1,-0.06843564510345462,4,215.7,1,4.904072,5.7154303,6.452697,4.055573,6.130013
465,OC1=N/C(=C\c2ccccc2Cl)C(=O)N1c1cccc(Cl)c1,-0.024857425689697177,4,215.7,1,5.2190666,3.8632355,6.0893335,5.0491056,6.868889
475,C=C(C)COc1ccccc1NC(=S)NC(=O)c1cccc(F)c1,0.14955490827560414,4,221.8,1,6.7293415,4.1745987,4.8817697,5.240866,6.637935
477,C=Cc1ccc(OC)c(NC(=O)[C@H]2CC(=O)N(CCN3CCOCC3)C2)c1,0.11170605421066282,4,221.8,1,6.8459153,4.735028,5.6477575,6.5393233,5.9933105
479,C=C[C@H](C)NC(=O)C1CCOCC1,-0.03549026250839232,4,221.8,1,4.924114,4.699559,5.2749825,3.0784554,8.06307
481,C=CCN(CCC(=O)[O-])C(=O)c1ccsc1,0.019074892997741566,4,221.8,1,5.192644,6.2021976,5.041746,4.0391517,4.7244854
482,C=C(C)COc1cccc(NC(=O)N(CCC#N)CCC#N)c1,-0.08597400188446042,4,221.8,1,4.2422705,5.8506603,4.6527834,4.7417955,5.1628027
484,C=Cc1ccccc1OCC(=O)Nc1ccc2c(c1)CCN2C(=O)CC,0.013490295410156339,4,221.8,1,5.6445675,4.705702,5.54441,6.0821767,5.7063694
499,O=c1sc2ccccc2n1CC(=O)Nc1cccc([N+](=O)[O-])c1,0.10626186132431026,5,228.4,1,6.3833675,5.962805,4.0967526,4.6243863,6.599052
500,O=c1ccc(-c2ccc(OCC(=O)N3CCOCC3)cc2)nn1-c1ccccc1,0.22314327955245977,5,228.4,1,7.067653,5.073271,4.8489,3.9007225,5.5219884
504,O=c1sc2ccc(F)cc2n1Cc1ccncc1,0.12230944633483887,5,228.4,1,6.2912245,5.245701,2.8907962,5.0593686,7.0766544
506,O=c1[nH]c2ccccc2cc1[C@H]1CC[NH2+]CC1,-0.14064413309097284,5,228.4,1,3.809628,5.00534,5.244405,4.8690863,5.745446
507,O=c1oc2cc(F)c(Cl)cc2o1,0.053970104455947965,5,228.4,1,5.3856115,5.0872793,2.9715137,3.634312,7.690537
509,O=c1sc2ccccc2c(=O)n1-c1ccccc1Cl,0.035861754417419456,5,228.4,1,5.440234,5.077918,4.943007,3.9177537,6.387788
510,CS(=O)(=O)N1CCCc2cc(NC(=O)Nc3ccccc3F)ccc21,0.05696728229522707,3,240.1,1,5.693388,5.0869484,4.385126,5.709104,5.313682
511,CSc1ccc(CNC(=O)NCc2ccon2)cc1,-0.002028661966323897,3,240.1,1,5.550928,5.719549,3.3508828,5.6669044,7.5475225
512,CSCC[C@@H](C)NC(=O)N1CCC(C(=O)[O-])CC1,0.006384050846099942,3,240.1,1,5.4106336,4.3721366,6.755142,4.0934114,6.166482
513,CS[C@H]1CC[C@H](NC(=O)NCc2c(C)noc2C)C1,-0.11084139347076422,3,240.1,1,4.858759,6.2028236,4.51334,5.4198723,7.7326555
514,CS[C@@H]1CCC[C@H]1NC(=O)[C@H]1CC(=O)N(c2ccc(C)cc2)C1,-0.09333175420761108,3,240.1,1,5.1701107,6.110752,5.5057373,5.6956167,7.101607
516,CS(=O)(=O)c1c(-c2ccco2)ncnc1N1CCC(O)CC1,-0.26403230428695673,3,240.1,1,3.467905,5.4883275,6.8283205,5.485079,6.6311855
517,CSc1cccc(C(=O)Nc2ccc3oc(=O)n(C)c3c2)c1,0.1168413221836091,3,240.1,1,6.553405,5.4019485,3.4517019,5.978286,6.70803
519,CS[C@H](C(=O)NC=C(C)C)c1cccc(C)c1,0.07699560523033144,3,240.1,1,6.6008315,3.9721105,5.1122904,6.6982455,7.5408554
520,CS[C@@H]1CC[C@H](NC(=O)N[C@@H](C)c2ccc(F)cc2)C1,-0.04826800823211663,3,240.1,1,6.3692474,6.153338,6.5152373,5.598132,9.141003
522,CS(=O)(=O)c1ccc(NC(=O)NCc2cccc(OC3CCCC3)c2)c(C)c1,0.1786517143249512,3,240.1,1,7.432476,5.751704,5.6257715,4.6297836,6.576576
523,CSc1cccc(NC(=O)CNc2ccc3c(c2)nc(C)n3C)c1,0.009458887577056818,3,240.1,1,5.8977995,6.4326425,4.050677,7.004094,5.725429
524,CSCC(=O)N1CCc2cc(NS(=O)(=O)N3CCCC3)ccc21,-0.08010224103927616,3,240.1,1,4.7041078,4.1486883,6.4020805,6.262947,5.2068048
530,OC[C@@H]1CCCN(C(=O)c2ccc3c(c2)CCC3)C1,-0.06963490247726445,4,241.5,1,5.507894,5.585315,6.6448216,5.9553246,6.6315107
531,OC[C@@]1(O)CCCN(c2ccc(S(=O)(=O)N3CCCC3)cc2)C1=O,-0.04338420629501338,5,244.3,1,5.65635,5.6358304,6.255252,5.376589,7.0930977
533,OC[C@@]1(Nc2ccc(F)c(F)c2)Oc2ccccc2C1,0.0718618631362915,5,244.3,1,6.5745068,4.8246574,5.618188,5.9689674,7.0117397
534,OCC1(Cc2csc(N/N=C\c3ccccc3F)n2)CN(c2ccccc2)C1,0.030001461505889893,4,262.8,1,6.3509054,5.4400544,5.6328573,6.1786404,6.952011
535,OCCCCNC(=O)c1cc2c([nH]1)CCCC2,0.039380407333374,4,262.8,1,5.5237794,5.1532545,5.1472034,5.518692,4.7007513
537,OCCN1CC(=O)N(c2cc(C(=O)[O-])ccc2NC(N)=S)CC1,0.13520126342773442,4,262.8,1,6.5036674,4.9901996,5.5614786,4.6061254,5.4488153
540,OCC#Cc1cnc(Oc2ccc(-c3ccc(F)cc3)cn2)s1,0.06372061967849718,4,262.8,1,5.716991,4.798666,4.504901,5.7548227,5.2607493
542,OCCc1cccc(C(=O)NCCc2ccccc2)c1,-0.18721466064453124,4,262.8,1,4.311249,6.882667,6.3128166,6.4955173,5.0425806
543,OCC(F)(F)c1ccc(F)c([N+](=O)[O-])c1,0.1108700096607208,4,262.8,1,6.4186654,5.1799307,3.98689,5.7640133,6.309027
545,OCCSc1ccc(I)cc1,0.2127505719661713,4,262.8,1,6.673725,2.9375157,3.4026053,5.504465,6.3402915
546,OCCn1nc(-c2ccccc2F)cn1,-0.08198667168617252,4,262.8,1,4.3700247,4.4693775,3.952494,6.3795724,5.958122
550,OCCNc1cccc(Cl)c1Cl,0.10671114921569824,4,262.8,1,6.36732,6.0677648,3.0240936,5.0276856,7.0812902
551,OCC[C@H]1CN(Cc2cc(Cl)c3ccccc3n2)CCO1,0.08074846267700186,4,262.8,1,6.5566297,5.2672906,4.8128376,6.021925,6.894527
553,OCC#Cc1cc(Cl)ccc1OC[C@H]1CCCO1,0.08993227481842037,4,262.8,1,6.5171976,5.346823,4.556214,5.9653115,6.603151
558,OCCSc1ccc(C(F)(F)F)cn1,0.09144788384437563,4,262.8,1,5.7469583,4.288652,3.8994868,5.015912,6.125867
559,OCCn1c([C@H](F)COc2ccccc2)nc2ccccc21,-0.010067343711853138,4,262.8,1,5.2810187,5.723203,4.551487,5.879987,5.372092
561,OCCCCOCc1ccccc1Cl,0.05570499897003167,4,262.8,1,6.396176,5.982975,4.4711647,5.916749,6.985615
567,OCCOc1ccc(Br)c(/C=N/c2cccc(F)c2)c1,0.06204912662506101,4,262.8,1,6.1611686,4.499177,5.328253,6.23842,6.0968595
568,OCCc1nc(-c2ccc3c(c2)CCN3S(=O)(=O)C2CC2)cs1,-0.049566447734832764,4,262.8,1,5.4556923,4.7189827,6.339513,6.787622,5.9593096
569,OCC(=O)OCCc1cc(Cl)cs1,0.04398201704025273,4,262.8,1,6.223393,4.22027,4.2954726,5.7357388,8.88281
571,OCCSc1nc(N2CCCCC2)cs1,0.07123863697052002,4,262.8,1,5.7756615,4.536001,5.6352696,5.0904346,4.991395
574,c1cnc(CNCCn2nnc3ccccc32)[nH]c1=O,-0.09896321296691901,7,281.8,1,2.9002223,3.3855143,3.6379595,3.0425072,5.493437
576,c1cnc(-c2cnn3c2OCC[C@H]3C3CCCC3)cc1,-0.032458257675170965,7,281.8,1,5.4994235,5.089191,5.187574,6.078534,6.9407253
577,c1cnc(Oc2cccc(CNC[C@@H]3CCOC3)n2)c(Cl)c1,0.09779307842254636,7,281.8,1,6.1604257,5.3504286,3.749362,5.556302,6.073887
578,c1cnc(Cl)nc1NCc1ccc2c(c1)OCCO2,-0.09035046100616456,7,281.8,1,4.535627,4.0482655,5.2077966,5.3918924,7.1085715
579,c1cnc([C@H](NC(=O)CC(C)(C)C)C2CC2)o1,-0.03708862066268914,7,281.8,1,5.3322473,5.2151804,4.719233,6.195158,6.6829624
580,c1cnc([C@@H](CN2CCOCC2)N2CCN(C(=O)Cc3cccc(Cl)c3)CC2)[nH]1,-0.12498370409011839,7,281.8,1,5.029934,6.0211377,5.766769,6.699413,6.6317644
581,c1cnc(Br)cn1,0.03547786474227904,7,281.8,1,4.1991873,6.10562,1.5603223,1.8631806,5.8485117
582,c1cnc(/C=C/c2ccccc2)cc1S(=O)(=O)NCc1ccccc1C(F)(F)F,0.09828435182571416,7,281.8,1,6.457156,5.6429715,5.180394,5.4251437,5.6487412
583,c1cnc([S-])nc1Nc1ccc(Br)cc1F,0.19462224245071408,7,281.8,1,6.299355,4.8035665,3.5143948,4.430517,4.664052
584,c1cnc(F)cc1CSC1=NS(=O)(=O)c2ccccc21,0.22816470861434934,7,281.8,1,7.4068007,4.2318296,4.037825,5.2846518,6.946308
588,c1cnc(SCC2c3ccccc3CCO2)nc1,0.10344882607460021,7,281.8,1,5.7857,3.5128121,3.6543596,5.9684954,5.8691792
594,c1cnc(Br)cn1,0.035477900505065885,7,281.8,1,4.1991873,6.1056194,1.5603223,1.8631797,5.8485117
595,c1cnc(/C=C/c2cncc(Br)c2)nc1,-0.015683215856552135,7,281.8,1,4.373682,5.6105022,3.666616,3.5268672,5.3180714
598,c1cnc([C@]2(c3ccccc3)NC(=O)N(CC(=O)Nc3cc(Cl)ccc3F)C2)cc1,0.034002375602722235,7,281.8,1,6.009516,4.5413103,5.385478,6.215293,6.535887
599,c1cnc(Nc2cncc(NCCc3nccs3)n2)nc1,0.007551121711730946,7,281.8,1,4.2186985,4.079819,3.4253075,3.5849268,5.4826956
602,c1cnc(-c2ccc(C(F)(F)F)cc2)o1,0.08438526391983026,7,281.8,1,5.816885,5.0217295,4.3046846,2.943954,7.6217613
604,c1cnc(Cl)cc1NCC(=O)N1CCO[C@@H](c2ccc(F)c(F)c2)C1,-0.0044089555740356445,7,281.8,1,5.8764853,6.1890583,5.14647,5.400815,6.945956
608,c1cnc(/C(Cl)=C/Cl)c(CN2CCN(C(=O)c3ccoc3)CC2)c1,-0.12010370492935185,7,281.8,1,5.6736774,5.7153273,7.753888,5.7666726,8.26297
610,c1cnc(F)cc1-c1ccc([N+](=O)[O-])cc1,0.03660616874694833,7,281.8,1,5.7486706,4.8844023,4.2395897,5.5257926,6.880651
612,Nc1ccc(F)c(C(=O)NC[C@@H]2CN3CCC[C@@H]3CO2)c1,-0.12687220573425284,4,286.7,1,4.867604,5.5575747,5.770621,6.7756047,6.441503
613,Nc1nc(Cl)ncc1-n1cnc2sc(NC(=O)c3cccc4ccccc34)nc21,0.04312119483947752,4,286.7,1,5.7186956,4.365676,5.457038,4.9421268,6.385094
614,Nc1[nH+]ccn1CC(=O)Nc1ccccc1NC(=O)c1ccco1,-0.07132732868194586,4,286.7,1,4.6009426,4.222641,5.0744934,5.758583,6.201146
616,Nc1nc(N2CCOCC2)c(Cl)cc1S(=O)(=O)[O-],0.11261374950408931,4,286.7,1,6.4409456,3.27289,6.1055937,6.548156,5.332593
621,Cc1ccc(NC(=O)c2ccc(C[NH+]3CCCC3)cc2)c(C)n1,0.14722959995269774,3,289.5,1,6.466722,4.8858194,3.106821,6.4652224,5.519841
622,Cc1ccc(-c2nc(CC(=O)N(C)CCO)cs2)cc1C,0.05269976854324332,3,289.5,1,6.532666,5.1336036,5.898074,5.8882265,7.10277
623,Cc1noc(COc2ccc(C=O)cc2)n1,-0.00726014971733091,3,289.5,1,4.5761313,6.460075,4.094223,4.1237383,3.9168952
624,COc1ccc(/C=N/n2c(C)nnc2-c2ccccc2)cc1OC,-0.04369770288467412,3,299.5,1,5.2889323,5.209112,4.677143,5.0462317,7.9711504
626,CO[C@H]1CCCN(C(=O)CCNc2ccc(C(C)=O)cc2)C1,0.0940716981887818,3,299.5,1,5.8979063,5.1921005,5.2706985,4.542651,4.823307
628,CONC(=O)c1ccc(=O)n(Cc2ccccc2)c1,-0.18499102592468264,3,299.5,1,3.7847934,5.696557,5.071666,4.743406,7.027186
629,COc1cc(/C=N\NC(=O)C([O-])=C(Cl)c2ccccc2Cl)cc(OC)c1OC,-0.2051211476325988,3,299.5,1,3.7279525,3.6713004,6.6918874,4.7719874,7.9814806
630,COCc1ccccc1C(=O)NNC(=O)CC1(c2ccc(Cl)cc2)CC1,-0.19553246498107912,3,299.5,1,4.8970127,6.982785,6.952509,6.0059953,7.46806
631,CO[C@H]1CCC[C@@H]1NC(=O)Cn1c(=O)Cc2ccccc21,-0.019070553779602095,3,299.5,1,6.16173,5.7932463,6.6331,6.9089537,6.0744414
632,CO[C@@H]1CCC[C@H]1OC(=O)c1cccnc1Cl,-0.0911100745201111,3,299.5,1,3.9410374,4.8913584,4.135314,3.8071685,6.574712
634,COc1ccc(Cl)c(NC(=O)Cn2cnc3c(C)cccc3c2=O)c1,-0.04327009916305535,3,299.5,1,5.265079,5.099608,4.4719687,5.6692753,7.550268
636,CO[C@H]1C[C@H](NC(=O)NCc2ccco2)Cc2ccccc21,-0.11366536617279044,3,299.5,1,5.2652626,6.963278,4.770219,6.212548,7.6616206
637,CO[C@@H]1CCCN1C(=O)CN1CCN(c2ccc(OC)c(Cl)c2)CC1,-0.047562813758850186,3,299.5,1,5.8060656,5.8772264,6.0902023,5.3753004,7.7840457
642,N[C@H](NC[C@@H](O)c1c(Cl)cccc1Cl)c1ccc(Cl)s1,-0.030639624595642068,4,310.0,1,5.8673215,5.1618485,4.1899557,7.6149826,7.728084
648,N[C@H](c1ccc2c(c1)CCC2)C(N)=O,0.1677289485931397,4,310.0,1,6.7438626,3.117908,6.5530896,5.545948,5.049347
651,N[C@H](NCCc1ccc(N2CCCC2)cc1)c1ccco1,-0.04623985290527344,4,310.0,1,5.259819,4.9803348,6.346671,6.159126,5.4027386
653,N[C@H](Sc1ccc(F)cc1)c1ccc2c(c1)CCCO2,0.01962170600891111,4,310.0,1,5.725788,5.5044947,4.2777147,5.7241554,6.6119194
657,N[C@H](c1ccncc1)C(F)(F)F,0.180466639995575,4,310.0,1,6.3830595,2.9454784,2.5295439,7.2477717,5.5907784
658,N[C@H](CO)c1cc(C(F)(F)F)ccc1F,0.2634357452392577,4,310.0,1,6.862263,3.164596,4.330971,5.428619,3.9874372
660,N[C@H](Nc1ccc(OC(F)F)cc1)c1ccccn1,0.061776334047317416,4,310.0,1,5.954041,4.7714133,3.3523571,6.732685,6.488655
661,N[C@H](Oc1cccc(Cl)c1)C(=O)NCc1ccc(F)c(C(F)(F)F)c1,0.21627054214477526,4,310.0,1,7.572779,5.6975327,5.218959,6.236041,4.4877625
663,N[C@H]([NH3+])c1ccc(-c2ccsc2)cc1,-0.13855762481689454,4,310.0,1,3.868132,5.2342615,4.712113,5.136374,5.932085
665,N[C@H]([C@@H]1CCOC1)c1c[nH]c2ccc(F)cc12,-0.016547858715057373,4,310.0,1,5.684518,5.5980887,4.8629417,6.03512,6.9038353
666,O=S(=O)(c1ccc(Cn2cc(F)cn2)cn1)N1CCCCC1,0.2071079492568969,5,312.2,1,7.322973,4.767349,5.5649548,4.742511,5.932759
667,O=S(=O)(c1ccccc1)N1CCn2c(nc3ccccc32)C1,0.21639087200164797,5,312.2,1,7.8133826,4.370116,5.6794853,6.1146183,6.433676
669,O=S(=O)(c1ccccc1Cl)N1CCC[C@@H](c2nnc(-c3cccc(Cl)c3)n2N)C1,0.08572715520858754,6,314.9,1,6.724423,5.692957,5.278571,6.7177176,5.77936
671,O=S(=O)([N-]c1cc(Cl)ccc1N1CCC[C@H](O)C1)c1ccccc1F,0.13370773792266855,6,314.9,1,7.3982363,4.5776844,6.377897,6.342324,6.9467306
673,O=C1NCC(=O)N1CCNC(=O)CN1C(=O)c2ccccc2C1=O,0.03453319072723393,5,326.2,1,4.307294,4.478808,3.6081586,3.2380347,4.5228467
674,O=C1c2ccccc2C(=O)N1c1nc(-c2ccc([N+](=O)[O-])cc2)cs1,0.10426173210144041,5,326.2,1,5.8348403,4.1515617,4.155219,4.048588,6.8135233
677,O=C1/C(=C/c2ccc(O)c(O)c2)C(N)=NC(=O)N1c1ccc(Cl)cc1,0.000634610652923584,5,326.2,1,4.616232,1.8646789,5.3348384,4.964178,6.275848
679,O=C1S/C(=C\c2cc[nH]c2)C(=O)N1c1cccc(C(F)(F)F)c1,-0.0021314561367035134,5,326.2,1,4.8500023,3.8004591,5.1728315,4.5844126,5.927564
680,O=C1C[C@@H](Nc2ccc(C(F)(F)F)cc2Br)CN1C(=O)OC1CCCCC1,-0.053473043441772505,5,326.2,1,5.278241,5.1829133,5.9458632,5.331793,6.791317
682,O=C1c2ccccc2[C@H]2CCCC[C@H]12,0.06733982563018792,5,326.2,1,5.9975476,4.3966794,4.93207,5.2240405,6.743808
684,O=C1O[C@]2(CCOc3ccccc32)CCN1c1cccc(Br)c1,0.005628156661987349,5,326.2,1,5.3660393,4.4248757,5.340589,5.50595,5.967616
685,O=C1/C(=C\c2ccc([N+](=O)[O-])cc2)SC(=S)N1c1ccccc1,0.13428378105163574,5,326.2,1,6.379928,4.9582763,4.4274473,4.1611533,6.6014843
687,O=C1S/C(=C/c2ccc3c(c2)OCO3)C([O-])=C([O-])N1,0.1816871881484986,5,326.2,1,6.1874905,4.5430765,2.7683768,3.2855616,6.8854594
689,O=C1N[C@@H](c2ccccc2Cl)/C(=C\c2ccco2)N1,-0.07047764062881456,5,326.2,1,6.2235837,8.119902,6.25743,6.340708,6.995401
695,O=C1S/C(=C/c2ccc(Cl)cc2)C(=O)N1Cc1ccncc1,0.14506433606147773,5,326.2,1,6.0394673,3.7492483,3.8478303,4.8340483,5.924169
697,c1cscc1COc1ccc(C[NH2+]C2CC2)nc1,0.009543263912200839,7,328.8,1,5.89482,5.657615,5.2570004,5.5549746,6.72796
698,c1cscc1[C@H]1C[C@H]1c1ccc(N2CCOCC2)nc1,0.0472262740135192,7,328.8,1,5.615041,5.8061633,5.0349226,4.800503,4.9295235
699,NS(=O)(=O)c1ccc(NC(=O)c2ccc(C(F)(F)F)nc2)cc1,0.03485674858093257,4,331.2,1,4.6826515,4.04716,4.3109694,3.0895882,5.8886185
700,NS(=O)(=O)c1cc(Cl)ccc1N1CCOCC1,0.07126365303993232,4,331.2,1,5.7102146,3.6575572,4.6948795,6.0830746,5.554801
702,c1cscc1CN1CC[NH+](Cc2cccc(Cl)c2)CC1,0.03272299766540521,8,344.8,1,5.702673,5.532692,3.8075962,5.8156147,6.345869
703,c1cscc1-c1cc(=O)c2ccccc2o1,0.07222957611083991,8,344.8,1,6.1235104,5.0214257,4.9747567,4.975769,6.632907
705,c1cscc1/CCc1cccc(F)c1,0.07716673612594604,8,344.8,1,6.601774,5.9451904,3.963324,5.766456,7.645457
711,c1cscc1CNS(=O)(=O)c1ccccc1Cl,0.0748944044113159,8,344.8,1,6.1801953,5.3525276,4.9960623,4.38237,6.9940453
713,c1cscc1[C@@H]([NH3+])Cc1ccc(F)c(Br)c1,0.011647665500640891,8,344.8,1,6.3014083,5.93884,5.683828,5.9048223,7.2122364
716,c1cscc1NCCn1ccc(-c2nccs2)n1,-0.11173982620239248,8,344.8,1,4.2298813,5.8435245,4.4100533,5.0770235,6.058517
718,c1cscc1c1[nH]cc(-c2cnn(CC(=O)Nc3ccccc3)c2)n1,-0.013464033603668213,8,344.8,1,4.6994925,4.6369314,4.3517776,5.283186,5.064636
719,c1cscc1OCCOC[C@@H]1CCCO1,0.14890781641006468,8,344.8,1,7.1560125,6.6968026,6.258356,4.7289143,4.9836645
720,c1cscc1CCc1nc2ccccc2n1C[C@H]1CCCO1,0.020544564723968484,8,344.8,1,6.21076,5.600694,4.7446976,6.3573885,7.3184776
723,c1cscc1/C=C/C[NH2+]CCOCc1ccccc1,0.12905310392379754,8,344.8,1,6.4746866,6.0027084,4.7994566,5.8013644,4.133093
725,c1cscc1NCc1cn(-c2ccccc2)nc1-c1ccncc1,0.03541214466094966,8,344.8,1,5.619828,5.5886455,4.5340524,4.979579,5.9605503
726,c1cscc1S(=O)(=O)NCc1ccccc1Cl,0.028855085372924916,8,344.8,1,5.94366,5.175893,5.1160645,4.8563547,7.4721236
727,c1cscc1c1ncccc1C[NH2+]Cc1ccncc1,-0.050870537757873535,8,344.8,1,4.857192,5.345413,5.048087,5.1651754,5.904914
730,Nn1cc(NCc2ccc(Cl)cc2Cl)c(=O)c2ccccc21,-0.02617323398590088,4,346.8,1,5.5898943,5.520763,4.685586,6.395678,6.8044796
731,Nn1c(SCC(=O)NCc2ccccc2)nnc1-c1cnn(C)c1,-0.05376579761505129,4,346.8,1,4.788128,5.508438,4.346737,5.71801,5.7299585
738,CC(C)C[C@H]1NC(=O)CN1C(=O)c1cc(Br)ccc1Cl,0.11699873208999634,3,367.1,1,7.035219,6.230752,5.124089,4.6827765,7.4233103
740,CCOc1ccc(/C=C2/SC(=O)N(CCO)C2=O)cc1OC,0.08287529349327083,3,367.1,1,5.489397,3.6795976,4.8205853,4.5095744,5.632819
741,CCc1ccc(Sc2nnc3n(CC(=O)Nc4cccc(Cl)c4)c(=O)n(C)n23)cc1,0.07905043363571174,3,367.1,1,5.9851947,4.1975117,4.5013685,5.7263255,6.3535557
746,CCn1/c(=N/C(=O)c2ccc(N/N=C/c3cccs3)[nH]c2=O)NC(=O)CC1=O,-0.13473183512687686,3,367.1,1,3.2615798,3.681339,4.2227154,4.003401,6.528137
749,CCSc1ccc(NC(=O)N2CCc3cc(F)ccc3C2)cc1F,0.08617448806762695,3,367.1,1,6.3880982,4.931121,5.2799067,5.1865063,6.7078795
751,CC[C@@](C)([C@H](O)c1ccc(C)cc1)n1cccn1,-0.19018803834915154,3,367.1,1,4.197935,6.523023,5.750252,5.3504953,6.7754917
754,CCOC(=O)CCNc1ccc(-c2cccc([N+](=O)[O-])c2)nn1,-0.025297164916992188,3,367.1,1,5.204052,5.3555503,4.3175054,5.2638063,6.8912325
755,CCc1nnc(NC(=O)CC2CCC2)s1,0.0031392574310302734,3,367.1,1,6.6089625,5.46508,6.475991,6.2005196,8.16869
757,CC[C@@H](C)c1ccccc1O,-0.28451927900314333,3,367.1,1,4.141694,5.6870522,7.8907113,6.231028,8.138756
764,CC[C@]1(C)NC(=O)N(CC(=O)N[C@@H](c2nccs2)C(C)C)C1=O,0.06083809137344365,3,367.1,1,6.7354155,5.782217,5.286337,6.2840924,7.155492
765,CC[C@@](C)(CNC(=O)Cn1nc(C)c(Cl)c1C)NC(N)=O,0.0427786946296691,3,367.1,1,6.2792654,6.27307,5.7910066,5.3741517,5.9676857
766,CC(=O)Nc1ccc(SCc2ccc3c(c2)OCO3)cc1,0.07111041545867924,3,367.1,1,6.2721868,5.929037,4.5919724,6.031526,5.691795
767,CCCC1(CNC(=O)NCc2noc(C)n2)CCOCC1,-0.22300609350204464,3,367.1,1,3.6934953,6.8381996,4.6517897,5.564291,6.6399446
768,CCOC(=O)CSc1nnc2sc3cccc(C)c3cc12,0.22663552761077882,3,367.1,1,6.9233575,4.409153,2.8844266,4.289525,7.044904
769,CCc1nnc(N(C)CCCN2C(=O)c3ccccc3C2=O)s1,0.0372127890586853,3,367.1,1,5.609493,4.1011915,5.370934,4.9369545,6.5403795
770,CCNC(=O)c1cccc(NC(=O)N[C@@H](C)c2ccc3c(c2)OCCO3)c1,0.0167649745941163,3,367.1,1,5.9164624,5.791213,5.8251057,4.1507254,7.2282066
771,CC[C@@H](NC(=O)c1ccc(OC(F)F)cc1)C(C)(C)c1ccccc1,-0.10178307294845579,3,367.1,1,5.618738,7.603681,6.1895666,5.8416595,6.9113684
775,CC[NH+]1CCN(C(=O)c2cccc(NC(=O)c3cccc(NC(C)=O)c3)c2)CC1,0.0032059907913207786,3,367.1,1,5.59883,5.497632,6.517911,5.4531736,4.7983646
777,CCSCC[C@H](C)NC(=O)N1CCN(C(=O)c2ccco2)CC1,0.06066828966140758,3,367.1,1,6.9591146,5.071629,7.0578227,6.2704644,7.0098104
782,O[C@@H](c1ccc(F)c(Cl)c1)c1ccncc1,0.14561939239501953,5,368.6,1,6.749532,5.242618,4.249296,5.769449,5.9119897
787,N[C@@H](CCc1cccc(F)c1)c1ccc(F)cn1,-0.032057571411132746,4,379.8,1,5.5960073,6.035646,5.2902527,5.262067,7.0783668
788,N[C@@H]([NH2+]Cc1cccc(Br)c1)c1ccccc1,-0.08995453119277957,4,379.8,1,4.660699,5.650633,4.535133,6.690604,5.364607
790,N[C@@H](O)CC(=O)N1CCCc2cc(-c3ccccc3)ccc21,-0.01708204150199888,4,379.8,1,5.004511,3.7062404,5.6482925,5.430689,5.9161034
791,N[C@@H](Sc1ccc([N+](=O)[O-])cc1)C(=O)Nc1ccccc1,-0.06491634845733651,4,379.8,1,5.1899714,4.8081975,4.5515428,5.9945726,8.002227
794,N[C@@H]([C@@H]1CCCOC1)c1cccc(F)c1Cl,0.09735509753227234,4,379.8,1,6.8670096,6.5289707,3.9494746,6.3384304,6.756959
795,N[C@@H](c1cncc(Br)c1)[C@H](C)OC,0.20297259688377378,4,379.8,1,5.8242965,4.0468326,2.7927146,3.6961768,4.642558
799,N[C@@H](Oc1ccc2c(c1)CCC2)c1ccc(Cl)cn1,0.03338677883148189,4,379.8,1,6.2226186,5.9074593,5.9007463,5.2770777,6.46972
804,N[C@@H](c1ccccn1)c1cc(C(F)(F)F)cs1,0.19943654537200922,4,379.8,1,6.858072,5.02532,3.1499052,5.4326677,5.8469324
807,N[C@@H](NCCc1cccs1)C1CCCCC1,-0.20964699983596802,4,379.8,1,4.2453327,6.065563,5.369145,7.585255,6.3472476
808,N[C@@H](O)Cc1ccc(I)cc1,0.1818965554237365,4,379.8,1,7.074398,3.3847685,4.822973,6.809576,6.0044127
813,c1cc2c(cc1NCc1nncn1CCO)n1ncnc1[C@@H]2CC(=O)NCc1cccc(Cl)c1,-0.1563537955284119,6,383.9,1,4.4058857,5.5439415,5.8767657,5.973322,6.4836655
815,c1cc2oc3ccccc3c2cn1,-0.07000247240066532,6,383.9,1,4.9537973,4.2210784,5.3533864,5.9882793,7.052544
820,c1cc2nonc2n1-c1ccc([C@@H]2Nc3ccccc3S(=O)(=O)N2)cc1,-0.05048559904098515,6,383.9,1,5.782784,5.1365995,6.376971,7.7621837,5.874806
821,c1cc2oc3ccccc3c2c(-c2nc(C3CC3)no2)n1,0.05953993797302237,6,383.9,1,6.060698,4.304516,4.47488,5.935442,7.1463566
822,O=S(=O)(CCOc1cccc(C(F)(F)F)c1)c1ccccc1F,0.03538124561309808,7,386.8,1,6.366969,5.192308,5.4845767,5.7126665,7.6630754
823,O=S(=O)(c1cccs1)N1CCC[C@@H](c2cc(-c3ccccc3)on2)C1,0.13916690349578853,7,386.8,1,7.0378647,6.2922916,4.945841,6.4236164,4.9230337
825,O=S(=O)(Oc1cccc(NC(=O)c2cccc(C(F)(F)F)c2)c1)[C@H]1COc2ccccc2O1,0.0006123185157775879,8,389.9,1,5.856103,4.9846497,5.195447,5.921179,7.2986436
826,O=S(=O)(NC[C@H]1CCCO1)c1ccc(Cl)s1,-0.12975121736526485,8,389.9,1,4.6624126,4.9107018,5.0062485,5.1728387,8.74991
827,O=S(=O)(NCC1CC1)c1cc([N+](=O)[O-])ccc1Cl,-0.038253080844879106,8,389.9,1,5.3583317,4.0306168,6.363559,4.675192,7.8940825
828,c1csc(Br)c1CNc1ncc(Br)cc1F,0.12010878324508667,8,392.6,1,6.3237877,4.585819,4.5495434,5.063299,6.292138
829,c1csc(Br)c1[C@H]1Cc2ccccc21,-0.11688134670257566,8,392.6,1,5.0590687,4.487094,8.121861,5.552024,6.7505493
830,c1csc(Br)c1NCc1nccn1Cc1ccccc1,-0.12672848701477052,8,392.6,1,4.707623,5.2024455,5.896776,6.177661,6.622749
836,N#C[C@]1(N2CCC(CO)CC2)CCc2ccccc21,0.10568614006042476,4,399.3,1,6.38918,5.0344887,4.764289,6.203429,5.3270683
838,N#Cc1ccc(CCCNC(=O)Nc2cccc3c2OCCO3)cc1,0.05922048091888421,4,399.3,1,6.5989575,6.7723475,6.250626,5.3850207,5.6190166
840,N#C/C(=C/c1ccc2c(c1)OCO2)C(=O)Nc1ccc(OC(F)(F)F)cc1,0.11176151037216187,4,399.3,1,6.6957526,4.9102917,5.155327,5.7167597,6.530172
845,N#Cc1cccc(CNC(=O)Nc2ccc3c(c2)OCO3)c1,-0.10663769245147703,4,399.3,1,5.4477086,6.2206283,6.8348603,6.2612624,6.739591
846,N#CCCn1cc([N+](=O)[O-])c(N)n1,-0.09869821071624757,4,399.3,1,3.6482017,6.382962,2.616057,1.7105837,7.8311324
847,N#C/C(=C/c1ccc(C(F)(F)F)cc1)C(=O)N[C@H]1CCc2ccccc21,0.07295788526535041,4,399.3,1,6.769661,4.7113943,6.1438956,6.126542,7.1784964
852,O[C@@H]([C@H]1CCc2cccnc21)C(F)(F)F,-0.03635035753250121,5,402.2,1,4.8508387,4.6321917,4.2997785,5.7115993,6.2137995
854,O[C@@H]([C@H]1CCCCO1)[C@@H]1CCCN(C(=O)c2cccc(F)c2)C1,0.02457249164581299,5,402.2,1,6.753082,6.5414724,6.20848,6.1767135,7.1027617
859,c1csc(SCCCOc2cc(F)cc(F)c2)c1,-0.010847687721252441,8,405.3,1,4.9783697,3.4710824,3.608723,5.624443,7.643138
860,c1csc(Sc2ccc3nnnn3n2)c1,0.024864006042480513,8,405.3,1,3.5252476,2.550126,1.0834007,4.453017,5.019886
862,c1csc(S[C@@H](C(=O)N2CCCC2)c2ccc(F)cc2)c1,-0.04543451070785531,8,405.3,1,5.2277117,5.3763084,5.6334295,5.4945693,6.22392
867,OCc1ccccc1CN1CC[NH+](CCOc2ccc(Cl)cc2)CC1,0.029938125610351474,4,407.2,1,6.3078423,5.0968733,4.513811,7.061592,7.3615675
869,OCc1cn2c(n1)SC[C@H]2Cc1ccccc1Br,0.1213016867637634,4,407.2,1,6.8131633,6.787018,4.640458,5.9726176,5.000492
882,c1cn(C2C[NH2+]C2)nc1-c1ccn(Cc2cc(F)ccc2F)c1,-0.014477741718292192,6,409.6,1,5.3601627,5.1361074,5.3964047,5.7072625,5.779986
883,c1cn(-c2ccccc2)n(CCN2CCOCC2)c1=O,0.0032864451408387563,6,409.6,1,5.239697,5.298193,4.2450557,4.86166,6.4224215
886,N=C([N-]S(=O)(=O)c1ccc(Cc2ccccc2)cc1)c1ccncc1,0.06638773679733267,4,420.8,1,5.869151,4.0263023,4.989065,5.904347,5.9013805
888,N=Cc1cnc(Cl)c(C(=O)NCCCN2CCCCC2=O)c1,-0.03689450025558477,4,420.8,1,4.761079,3.4292374,5.357204,5.960964,5.77269
889,N=CCN(CCNC(=O)c1ccccc1)S(=O)(=O)c1cccc(F)c1,-0.09675492048263545,4,420.8,1,5.490791,5.748144,6.1232433,6.2507234,7.7112494
890,N=C1/C(=C/c2ccccn2)SC(=S)N1c1ccccc1,0.14794982671737666,4,420.8,1,6.559012,5.670462,3.3365507,5.2580023,6.0530396
891,N=C(NS(=O)(=O)c1ccc(NC2CC2)c(Cl)c1)c1ccc2c(c1)OCO2,-0.04640384912490836,4,420.8,1,5.706587,5.1043024,5.5528393,6.550666,7.474694
892,N=C/C(=C\c1ccc(O)cc1)N1CCN(C(=O)Nc2ccccc2)c2ccccc21,-0.009555399417877197,4,420.8,1,5.390729,5.608399,5.3005667,5.7941914,5.241975
895,N=C1/C(=C/c2cccc([N+](=O)[O-])c2)C(=O)N[C@H]1c1cccnc1,-0.10630645751953127,4,420.8,1,5.013165,5.911338,5.547385,5.7386813,7.107514
896,N=C(/C=C/c1ccc(F)cc1)N1CCC[C@@H](c2ccccc2)C1,0.032110416889190696,4,420.8,1,6.080264,6.4263997,6.015733,5.4805174,5.11399
898,N=Cc1cccc(OCC(=O)Nc2ccccc2CC(F)(F)F)c1,-0.04419934749603277,4,420.8,1,4.877537,4.4953485,4.8870335,5.706393,6.1893463
899,N=CC1=C(SCC(=O)Nc2ccc(Br)cc2)N=N1,0.09710928201675412,4,420.8,1,5.969171,4.693427,4.9014373,4.7935534,5.603895
902,c1ccc2[nH]c(CCCN3CC[NH2+]CC3)nc2c1,-0.12474026679992667,7,432.1,1,4.3748283,6.1146855,5.0977974,5.0888214,6.1876197
904,c1ccc2sc(Cn3cccn3)nc2c1,0.04478483796119692,7,432.1,1,5.270015,4.537859,3.987961,5.8963275,4.866518
906,c1ccc2nc(Br)nc(N3CCC[C@@H](C4CCCC4)C3)c2n1,0.05318927764892578,7,432.1,1,6.5030665,5.9774733,5.623816,5.559229,6.724177
907,c1ccc2[nH]c(SC[C@@H]3CCCO3)nc2c1,0.06161863803863521,7,432.1,1,6.163853,4.9705467,4.2517347,6.555125,6.4132605
908,c1ccc2oc(-c3cccc(-n4cnnn4)c3)[nH+]c2c1,-0.08709414601325988,7,432.1,1,3.9560585,4.7805657,3.7779443,4.673646,6.075844
909,c1ccc2sc(NCc3nccn3C3CCCCC3)nc2c1,0.0014378190040588157,7,432.1,1,5.966937,5.54193,5.823591,6.319794,6.12492
910,c1ccc2c(c1)CCC[C@H]2NCc1ccc(Cl)cc1,-0.041813552379608154,7,432.1,1,5.867078,5.595933,4.8209896,7.41752,7.306411
911,c1ccc2nc(-c3nc(C4CC4)cs3)[nH]c2c1,0.19183608293533327,7,432.1,1,7.5818458,4.289179,4.2346506,7.0857253,7.044385
913,c1ccc2oc([C@@H]([NH3+])c3cccc4ccccc34)nc2c1,-0.059122431278228804,7,432.1,1,5.3034096,4.9649725,5.5629015,5.8446774,7.205984
914,c1ccc2sc(NC(=O)c3ccc(S(=O)(=O)N4CCc5ccccc54)cc3)nc2c1,0.18323531150817862,7,432.1,1,7.480602,4.9410934,4.930293,5.687571,7.034037
921,OC[C@@H]1C[C@@H]1c1cccc2cccnc12,-0.1392940878868104,5,435.4,1,4.825922,4.601803,6.9573193,6.0236874,7.292642
927,OC[C@@H]1CCC[C@H]1NC(=O)N1CCC[C@H]1c1cccs1,0.013872277736663774,5,435.4,1,5.7319593,5.6980414,5.5783815,5.0987844,5.997739
931,OC[C@@H]1[C@H](C(=O)[O-])CCc2ccccc21,-0.12295280694961547,5,435.4,1,4.0695233,3.3287978,5.8149405,5.22161,6.8308573
933,C#CCNC(=O)/C=C/c1ccccc1,-0.07269544601440425,3,437.4,1,3.9967632,5.457369,4.5638046,6.051708,2.821989
935,C#Cc1cccc(NC(=O)C(=O)N[C@H](C)c2cc(C)sc2C)c1,-0.07731229066848755,3,437.4,1,5.3458776,4.991007,4.878032,6.383792,8.223171
938,C[C@@H](C(=O)Nc1ccc(NC(=O)c2cccs2)nc1)c1ccc2c(c1)OCO2,-0.06401145458221436,3,438.5,1,5.4133224,5.4733267,4.6386085,7.023284,7.078529
941,O=c1c(Cl)c(Cl)cnn1CCCCOc1ccc(F)cc1,-0.04259610176086426,6,442.0,1,5.560352,6.48594,4.750987,5.213201,7.4951234
943,O=c1c2c(sc3ccc(F)cc13)C(C)(C)S2,-0.002602028846740767,6,442.0,1,6.26945,5.10431,5.6560917,4.6613693,9.760111
944,O=c1cc(C(F)(F)F)cnn1CCN1CCO[C@H](C#N)C1,-0.0659510135650635,6,442.0,1,4.542804,5.106494,4.192895,5.945101,5.564766
951,Cn1cc(CCNC(=O)Cc2cccc(N)c2)cn1,-0.05880169868469243,4,444.8,1,4.9560523,5.4797573,5.6838007,5.227233,5.785486
953,Cn1ccc(C(=O)NNC(=O)[C@H]2COc3ccccc3O2)c1,-0.1296157002449036,4,444.8,1,4.7986765,6.1244783,5.2222466,5.4917736,7.5408354
963,O=S(=O)(NC[C@H](O)c1ccc(F)c(F)c1)c1ccccc1F,0.08887341022491457,9,464.5,1,6.9838943,5.604631,5.978175,5.2538157,7.544019
964,O=S(=O)(c1ccc2oc(=S)[nH]c2c1)N1CCOCC1,0.25447231531143194,9,464.5,1,7.388795,4.0449424,4.422114,4.730346,6.1788845
965,O=S(=O)(CCCN)N(Cc1cccc(F)c1)Cc1cccnc1,-0.003913938999176025,9,464.5,1,5.7085733,5.1018696,4.22857,6.4120164,7.248395
967,O=S(=O)([N-]c1ccc(S(=O)(=O)N2CCOCC2)cc1)c1ccccc1-c1ccccc1,0.20178363323211657,9,464.5,1,7.38743,4.2342463,5.139717,5.9219174,6.1824946
968,O=S(=O)(Oc1cccc(C(F)(F)F)c1)c1c(O)cc(F)cc1Cl,-0.19073104858398438,9,464.5,1,3.7154105,4.573639,4.614392,5.635945,7.6669083
969,O=S(=O)([O-])c1cccc(CSc2nnc(-c3ccccc3Cl)n2C2CC2)n1,0.11708809137344356,9,464.5,1,6.4862003,5.4505506,4.9405756,4.882845,5.9873066
972,O=S(=O)([C@@H]1CCN(c2ccc3c(c2)OCO3)C1)N1CCc2ccccc2C1,-0.23600450754165653,9,464.5,1,4.2860527,6.1483703,7.2557726,6.8285317,6.3517165
975,O=S(=O)(Cc1cccc(F)c1)N1CCCc2ccccc21,-0.009514343738555864,9,464.5,1,6.044319,6.2317233,4.420189,6.6076884,7.2982497
976,O=S(=O)(/N=C(/[O-])[C@@H](O)c1cccc([N+](=O)[O-])c1)c1ccc(Cl)s1,-0.05032368898391726,9,464.5,1,5.4769764,4.76971,5.7682557,4.399591,8.983296
977,O=S(=O)([N-]c1nc(Cc2ccc(Cl)cc2)ns1)C1CC1,0.17874892950057986,9,464.5,1,7.1632013,5.3206415,5.447799,4.8358335,5.898574
978,O=S(=O)(Oc1ccc(C(=O)Nc2ccccc2)cc1)c1ccc(Br)s1,0.1348024189472199,9,464.5,1,6.0445633,4.768879,3.6198542,4.904752,5.4926715
979,O=S(=O)([O-])c1ccc(NCc2cccc(F)c2)cc1,0.0347256779670716,9,464.5,1,6.0769286,4.926688,4.553334,6.2329974,7.2056675
983,O=S(=O)(N[C@@H](CO)c1ccccc1F)c1cc(Cl)ccc1O,-0.09956370592117314,9,464.5,1,5.008003,4.848553,5.905484,6.1665735,7.0939503
984,O=S(=O)(c1ccccc1Cn1cnc([N+](=O)[O-])n1)N1CCCCC1,0.2716493010520934,9,464.5,1,8.013264,5.2256374,5.9534755,4.224924,5.783046
987,O=S(=O)([N-]c1ncccn1)c1cccc2ccccc12,0.09594576954841616,9,464.5,1,5.7254105,3.7543287,3.914913,4.9489803,6.445589
988,O=S(=O)(Oc1cccc2cn[nH]c12)c1cc(Cl)c2c(c1)OCO2,-0.08371955156326294,9,464.5,1,5.113515,4.446518,5.3494396,5.7781453,8.228739
989,O=S(=O)([O-])c1ccc(NC(=O)c2ccccc2C(F)(F)F)cc1,0.08379213809967034,9,464.5,1,5.813051,3.9541187,3.8370223,4.807515,7.301863
992,O=S(=O)([C@@H](c1ccccc1Cl)N1CCOCC1)N1CCc2[nH]ncc2C1,-0.09682784080505369,9,464.5,1,5.586648,7.0097685,6.793151,6.3340645,6.0827217
996,c1cscc1OCCOc1ccc2ccccc2c1,0.0885333180427551,9,472.5,1,6.003437,5.314598,5.0461917,4.627392,5.484234
997,c1cscc1Oc1cnccc1C[NH2+]c1nncn1-c1ccccc1,-0.11000905036926273,9,472.5,1,4.3067365,5.5833983,5.28821,4.845922,5.9097776
999,c1cscc1O[C@H]1CCN(Cc2cnc3ccc(Br)cn23)C1,0.008602929115295366,9,472.5,1,5.2025366,5.3053937,4.4630537,4.432825,6.2647567
1000,c1cscc1On1ccc2ccc(F)cc21,0.03367649316787724,9,472.5,1,5.9657254,5.2358227,5.0401626,5.3146567,6.9252
1008,c1cscc1OCCc1nc2ccccc2s1,0.09163583517074592,9,472.5,1,6.0597982,5.4958186,4.2167125,4.942527,5.9187016
1011,c1cscc1O[C@H](CNC[C@@H](O)c1cccc(C(F)(F)F)c1)c1ccncc1,-0.12791298627853392,9,472.5,1,4.338563,5.817473,5.7583776,4.25796,6.636961
1012,c1cscc1On1cc(NCc2ccnc(Br)c2)cn1,0.022069251537323087,9,472.5,1,5.802632,4.757326,4.845064,5.7173705,7.0079966
1014,NS(=O)(=O)c1ccc(NC(=O)C(=O)N[C@H]2c3ccccc3C[C@@H]2C)cc1,-0.10290988683700553,5,475.9,1,5.4867473,5.253261,5.819741,6.758701,8.231682
1015,NS(=O)(=O)c1ccc(C(=O)NCc2ccsc2)cc1,-0.045311141014099166,5,475.9,1,4.9811363,6.119405,5.102839,4.299601,6.215146
1016,NS(=O)(=O)c1ccc(C(=O)N2CCO[C@H]3CCCC[C@@H]32)cc1,0.04145036935806279,5,475.9,1,6.534052,5.243351,7.023336,5.3041973,6.9073086
1018,Nn1ccc(/C=C/C(=O)c2ccc(Cl)cc2)c1C(F)(F)F,-0.04987558126449587,5,479.0,1,4.9711785,6.202673,4.630928,5.1921763,5.85396
1019,Nn1c(NCc2ccco2)nc2cc(S(=O)(=O)N3CCc4ccccc43)ccc21,0.0646153569221497,5,479.0,1,6.8200173,5.3456135,5.5905185,6.5541153,7.205208
1021,Nn1c(SCc2nc(-c3ccc(F)cc3)no2)nnc1-c1ccc(Cl)cc1,0.09563018083572383,5,479.0,1,5.777421,4.496452,4.671708,4.631549,5.484768
1023,C[NH+](C)[C@@H](CNC(=O)Nc1cc(F)ccc1F)C1CCCC1,0.004489850997924871,4,482.0,1,5.7127457,5.143819,3.6078167,6.056108,7.863645
1024,C[NH+](C)CCCN(Cc1ccco1)C(=O)c1cc2cc([N+](=O)[O-])ccc2[nH]1,0.00936546325683596,4,482.0,1,6.4558687,6.863842,6.093484,5.9803705,6.51116
1025,C[NH+](C)CCNC(=O)C(=O)Nc1ccc(-n2cccn2)cc1,-0.07648628950119024,4,482.0,1,4.4469957,4.8285866,4.8587327,5.4784274,5.681688
1026,N/c1ccc(OCc2cccc(F)c2)cc1[N+](=O)[O-],-0.038216793537139915,4,483.9,1,6.003308,4.613167,4.9441447,6.9879513,8.99664
1028,N/c1c([N+](=O)[O-])cnn1-c1ccccc1Cl,-0.03721178770065314,4,483.9,1,5.097183,4.9159565,4.6763487,4.498122,7.786777
1030,c1cn(Cc2cccc3ccccc23)cn1,-0.06922481060028068,7,491.0,1,4.787943,4.342447,5.196558,5.696918,6.684841
1035,c1cn(CN2CCN(c3ccccc3OC3CCCC3)CC2)nc1-c1ccncc1,-0.012982738018035844,7,491.0,1,4.9191666,5.045968,4.9570966,4.750656,5.442255
1039,c1cn(C(=O)N[C@H]2CCCC[C@H]2COc2ccc(F)cc2)cn1,-0.11566522121429446,7,491.0,1,5.122444,5.260604,6.488348,5.336754,8.03068
1050,c1cn(C(=O)N2CCCc3ccccc32)cc1C[NH2+]Cc1cn2ccccc2n1,-0.04567188024520874,7,491.0,1,5.885086,4.9379063,6.7100234,6.933458,6.785832
1052,c1cn(Cc2cnc(O)c(C#N)c2)c(N2CCCCC2)n1,-0.1833450317382812,7,491.0,1,4.3814077,6.065283,5.941522,6.6473284,6.205299
1063,CNC(=O)[C@H](C)NC(=O)c1cc(CCC(=O)[O-])cc(C(C)C)c1,-0.06518378257751462,3,506.9,1,4.9707346,5.626865,5.1177745,3.9174528,7.8281975
1064,CN1C(=O)CS[C@H]1c1ccc(Cl)cc1,-0.11728706359863283,3,506.9,1,5.7203712,6.8387513,5.8961563,6.935024,7.903036
1066,CNS(=O)(=O)c1cc(OC)cc(O[C@@H](C)C(=O)N(C)C)c1,-0.28553814888000495,3,506.9,1,2.1892061,5.5870814,4.829768,3.028419,6.733082
1068,CN[C@@H](c1ccc2[nH]c(=O)oc2c1)c1ccc(Cl)cc1,0.03473505973815916,3,506.9,1,5.735623,4.1758413,4.270381,6.6740613,6.4328055
1069,CN[C@H](Cc1ccc(OC)cc1)C(C)(C)[NH+](C)C,-0.11314747333526609,3,506.9,1,4.0879383,6.694296,3.9241564,3.821057,6.438143
1070,CN(CCC#N)CCc1nc(-c2ccc(F)cc2)cs1,-0.0905456185340881,3,506.9,1,3.9610338,5.0522223,4.1651692,4.7061357,5.542433
1071,CNC(=O)CN1CCN(c2cc(C)nc(-c3ccccc3)n2)CC1,-0.038964605331420876,3,506.9,1,5.683104,6.1401887,6.4340224,4.7693925,6.9473968
1073,CNc1cc(C)cc2c(C(=O)Nc3ccc(F)cc3)cnn12,0.05785561800003047,3,506.9,1,5.664979,4.3621893,4.36944,4.9308267,6.683235
1074,CNS(=O)(=O)c1ccc(C(=O)N[C@H]2CCC[C@@H](S(C)(=O)=O)C2)cc1,-0.14160460233688366,3,506.9,1,4.116646,5.655943,5.0277233,3.2634377,8.183663
1077,CN[C@H](Cc1cc(F)cc(Br)c1)C1CCC(C)(C)CC1,-0.11386840343475346,3,506.9,1,5.6101117,7.0833006,5.6933355,5.925744,8.292803
1078,CN(Cc1ccc(F)c(F)c1)C(=O)C1CCN(C(=O)c2ccc(Br)s2)CC1,-0.1383113622665405,3,506.9,1,5.057369,6.787158,6.1990156,5.349329,7.426429
1079,CNC(=O)CNC(=O)NCC(=O)Oc1ccc(F)cc1C,-0.18638788461685185,3,506.9,1,4.071765,6.907877,4.64561,4.9011946,7.287894
1080,CN1CCO[C@H](CN2CC(=O)N3CCC[C@@H]3C2=O)C1,-0.16917426586151119,3,506.9,1,4.5523777,4.664548,4.9844875,8.155844,7.1716022
1082,CNS(=O)(=O)c1cccnc1NC(=O)c1ccc(Cl)cc1F,-0.18818703889846794,3,506.9,1,3.6028712,5.0623226,5.570738,4.3811436,6.9247622
1088,Nc1[nH+]ccn1CC(=O)N1CCc2c(F)ccc(F)c2C1,-0.0957761764526367,5,508.0,1,5.0166917,5.9189854,4.6915927,6.1788883,7.1083474
1090,OC[C@H]1OCCN(CCc2cccc(Br)c2)C1,0.01587864160537711,5,509.6,1,6.0122633,5.7664104,4.5595293,5.893515,7.194453
1107,OC1=NC(=O)CCC1=c1ccccc1=O,0.009184157848358188,5,513.0,1,4.435171,4.2384176,4.8062296,3.952724,4.375947
1109,OC1=CSc2ccc(S(=O)(=O)N3CCOCC3)cc2[C@H]1c1ccc(Br)cc1,0.17523305416107182,5,513.0,1,7.3697166,4.948883,5.7799654,6.8385744,4.9021215
1114,OC1=C(N)c2ccccc2C(=O)[C@@H]1C(F)(F)F,0.006405830383300892,5,513.0,1,6.4812365,6.202733,6.5586123,5.6434426,7.2639246
1122,NC(=O)C[C@H]1CCCN(C(=O)CCNc2ccc(F)c(F)c2F)C1,-0.012708055973053023,4,516.0,1,6.134467,7.4973626,4.9036503,5.7428946,6.902283
1123,NC(=O)[C@@H]1COCCN1Cc1ccc(F)c(Cl)c1,0.025914657115936324,4,516.0,1,6.233831,6.611407,5.397229,7.258507,4.6315947
1127,O[C@@H](c1cc(I)ccc1F)c1ccc(Br)o1,0.05387195348739626,6,517.6,1,5.9730177,4.5025525,4.4436693,5.7844105,7.0065603
1128,O[C@@H](c1ccc(F)c(F)c1)c1nc(-c2ccc[nH]2)no1,0.05079864263534539,7,524.0,1,5.764386,4.803498,3.9828043,5.755749,6.4835477
1129,O[C@@H](c1cncc(Br)c1)c1cccc(Cl)c1,0.12082283496856688,7,524.0,1,6.083147,4.8737545,4.2015266,5.167218,5.2571754
1130,O[C@@H](c1c(F)cccc1F)[C@@]1(O)CCOCC1,-0.09531608819961546,7,524.0,1,6.02527,7.305592,5.411995,6.969942,8.226194
1136,O[C@@H](c1ccsc1)c1ccc(Br)c(F)c1,0.1469044208526612,7,524.0,1,6.9544806,5.9911876,5.0335073,5.598807,5.318244
1137,O[C@@H](c1cncc(Br)c1)c1ccccc1,0.06992452144622807,7,524.0,1,5.540903,5.6218457,3.9817424,5.0902967,4.6727467
1138,O[C@@H](c1c(F)cc(Br)cc1F)c1c(F)cccc1F,-0.03238424062728884,7,524.0,1,5.5295024,5.1552286,4.105487,6.456671,7.6959925
1140,Nn1cc(S(=O)(=O)N2CCN(c3ccc(C(F)(F)F)cn3)CC2)c2nc3ccccc3nc21,-0.007319581508636541,6,533.5,1,5.984517,5.2130156,6.6386204,5.414878,6.964338
1141,Nn1cccc1/C=C/C(=O)NC1CCCCC1,0.0804689168930054,6,533.5,1,5.87936,4.043545,4.3953323,5.3079367,6.5518703
1142,Nn1ccnc1N1CCN(CCS(=O)(=O)c2ccccc2)CC1,-0.2135787725448609,6,533.5,1,3.9017925,4.6148634,6.3872175,6.063917,7.084323
1143,Nn1cc(NC(=O)CCn2nc3ccccn3c2=O)c(=O)c2ccccc21,-0.02115051150321967,6,533.5,1,5.2272005,5.504074,3.7607825,6.081486,6.4084797
1144,Nn1ccc(SCc2ccccc2)n1,0.021065151691436745,6,533.5,1,4.940954,4.2543364,4.445711,5.1125317,5.1086316
1145,Nn1ccnc1SCc1cc(=O)n(C)c(=O)n1C,-0.011268806457519487,6,533.5,1,4.538126,5.266363,3.37889,4.139282,5.818721
1146,Nn1cc(-c2nc3ccccc3s2)cn1,0.016381502151489258,6,533.5,1,5.443681,4.7517886,4.781032,5.1653547,6.4212875
1147,Nn1cccc1/C=C/C(=O)OCc1nc2ccccc2c(=O)[nH]1,0.014675736427307129,6,533.5,1,5.4153533,5.1131163,5.0160027,4.8354406,6.109824
